Obsługa klienta, Sprzedaż, Sprzedaż	139719
Obsługa klienta, Sprzedaż	85652
Sprzedaż, Sprzedaż	74517
Sprzedaż	38035
Finanse / Ekonomia, Finanse / Ekonomia, Finanse / Ekonomia	35126
Sprzedaż, Sprzedaż, Sprzedaż	33443
IT - Rozwój oprogramowania, IT - Rozwój oprogramowania	31966
Finanse / Ekonomia, Finanse / Ekonomia	29348
Praca fizyczna	28636
IT - Rozwój oprogramowania	27161
Inżynieria, Inżynieria, Inżynieria	26798
Inżynieria, Inżynieria	25723
IT - Rozwój oprogramowania, IT - Rozwój oprogramowania, IT - Rozwój oprogramowania	21041
Obsługa klienta, Obsługa klienta, Sprzedaż	19825
IT - Administracja, IT - Administracja, IT - Administracja	18594
Łańcuch dostaw, Praca fizyczna	18519
Inżynieria, Inżynieria, Produkcja	17711
Bankowość, Bankowość, Sprzedaż	16683
Finanse / Ekonomia	16612
Bankowość, Sprzedaż	15723
Administracja biurowa, Administracja biurowa, Administracja biurowa	15253
IT - Administracja, IT - Rozwój oprogramowania, IT - Rozwój oprogramowania	15157
IT - Administracja, IT - Administracja	14372
Human Resources / Zasoby ludzkie	13849
IT - Administracja, IT - Administracja, IT - Rozwój oprogramowania	13335
Produkcja, Produkcja	13019
Produkcja	12719
IT - Administracja, IT - Rozwój oprogramowania	11919
Human Resources / Zasoby ludzkie, Human Resources / Zasoby ludzkie	11724
Praca fizyczna, Transport / Spedycja / Logistyka	10834
Inżynieria, Produkcja, Produkcja	10428
Administracja biurowa, Administracja biurowa	10381
Inżynieria, Produkcja	9353
Marketing, Marketing, Marketing	8556
Produkcja, Produkcja, Produkcja	8121
Human Resources / Zasoby ludzkie, Human Resources / Zasoby ludzkie, Human Resources / Zasoby ludzkie	7867
Inżynieria	7758
Łańcuch dostaw, Łańcuch dostaw	7755
Internet / e-Commerce / Nowe media, IT - Rozwój oprogramowania, IT - Rozwój oprogramowania	7664
Obsługa klienta, Obsługa klienta	7524
Praca fizyczna, Produkcja	7351
Bankowość, Finanse / Ekonomia, Finanse / Ekonomia	7326
Budownictwo, Inżynieria	7310
Budownictwo, Inżynieria, Inżynieria	7230
Obsługa klienta	7172
IT - Administracja	7118
Łańcuch dostaw, Łańcuch dostaw, Transport / Spedycja / Logistyka	7089
Budownictwo, Budownictwo, Inżynieria	6925
Kontrola jakości, Kontrola jakości	6720
Łańcuch dostaw, Łańcuch dostaw, Łańcuch dostaw	6487
Finanse / Ekonomia, Finanse / Ekonomia, Doradztwo / Konsulting	6288
Bankowość, Bankowość, Finanse / Ekonomia	6229
Administracja biurowa, Finanse / Ekonomia, Finanse / Ekonomia	6186
Bankowość, Finanse / Ekonomia	6089
Transport / Spedycja / Logistyka	6084
Sprzedaż, Ubezpieczenia	5634
Franczyza / Własny biznes, Sprzedaż, Sprzedaż	5556
Praca fizyczna, Praca fizyczna	5393
Budownictwo, Budownictwo	5383
Internet / e-Commerce / Nowe media, IT - Rozwój oprogramowania	5142
Marketing, Marketing	5096
Łańcuch dostaw, Łańcuch dostaw, Praca fizyczna	5080
Marketing, Sprzedaż, Sprzedaż	5049
Administracja biurowa, Administracja biurowa, Obsługa klienta	4984
Finanse / Ekonomia, Finanse / Ekonomia, Obsługa klienta	4975
Sprzedaż, Sprzedaż, Zdrowie / Uroda / Rekreacja	4936
Call Center, Call Center, Obsługa klienta	4929
Sprzedaż, Ubezpieczenia, Ubezpieczenia	4844
Budownictwo	4768
Call Center, Obsługa klienta	4705
Administracja biurowa, Human Resources / Zasoby ludzkie	4512
Nieruchomości, Sprzedaż	4363
Bankowość, Bankowość, Obsługa klienta	4356
Zakupy, Zakupy	4352
Łańcuch dostaw, Transport / Spedycja / Logistyka	4324
Inżynieria, Inżynieria, Praca fizyczna	4278
Łańcuch dostaw	3985
Franczyza / Własny biznes, Franczyza / Własny biznes, Sprzedaż	3965
Administracja biurowa	3882
Bankowość, Obsługa klienta	3856
Marketing, Marketing, Sprzedaż	3660
Internet / e-Commerce / Nowe media, Marketing, Marketing	3601
Administracja biurowa, Obsługa klienta	3592
Badania i rozwój, IT - Rozwój oprogramowania	3585
Bankowość, Obsługa klienta, Obsługa klienta	3575
Internet / e-Commerce / Nowe media, Internet / e-Commerce / Nowe media, IT - Rozwój oprogramowania	3476
Administracja biurowa, Finanse / Ekonomia	3454
Finanse / Ekonomia, Human Resources / Zasoby ludzkie	3438
IT - Administracja, Obsługa klienta	3424
Produkcja, Kontrola jakości, Kontrola jakości	3391
Inżynieria, Praca fizyczna	3339
Budownictwo, Budownictwo, Budownictwo	3334
Franczyza / Własny biznes, Sprzedaż	3294
Bankowość	3271
Finanse / Ekonomia, Finanse / Ekonomia, Human Resources / Zasoby ludzkie	3252
Sprzedaż, Sprzedaż, Doradztwo / Konsulting	3226
Inżynieria, Inżynieria, Obsługa klienta	3199
Prawo, Prawo	3195
Call Center, Call Center, Sprzedaż	3165
Administracja biurowa, Obsługa klienta, Obsługa klienta	3164
Edukacja / Szkolenia	3107
Administracja biurowa, Administracja biurowa, Finanse / Ekonomia	3081
Marketing, Sprzedaż	3069
Inżynieria, IT - Rozwój oprogramowania, IT - Rozwój oprogramowania	3061
Inżynieria, Inżynieria, IT - Rozwój oprogramowania	3056
Administracja biurowa, Human Resources / Zasoby ludzkie, Human Resources / Zasoby ludzkie	3053
Finanse / Ekonomia, Obsługa klienta	3046
Administracja biurowa, Administracja biurowa, Human Resources / Zasoby ludzkie	3030
Hotelarstwo / Gastronomia / Turystyka, Obsługa klienta	2913
Internet / e-Commerce / Nowe media, Internet / e-Commerce / Nowe media, Marketing	2849
IT - Administracja, IT - Administracja, Obsługa klienta	2791
Finanse / Ekonomia, Sprzedaż	2776
Inżynieria, Sprzedaż, Sprzedaż	2772
Sprzedaż, Zdrowie / Uroda / Rekreacja	2746
Zakupy	2742
Hotelarstwo / Gastronomia / Turystyka	2729
Sprzedaż, Doradztwo / Konsulting	2720
Łańcuch dostaw, Łańcuch dostaw, Zakupy	2705
Inżynieria, Kontrola jakości, Kontrola jakości	2666
Bankowość, Sprzedaż, Sprzedaż	2613
Praca fizyczna, Praca fizyczna, Praca fizyczna	2500
Łańcuch dostaw, Zakupy, Zakupy	2462
Obsługa klienta, Prawo	2360
Inżynieria, Sprzedaż	2356
Inżynieria, Inżynieria, Sprzedaż	2355
Human Resources / Zasoby ludzkie, Sprzedaż	2333
Call Center, Obsługa klienta, Obsługa klienta	2322
Inżynieria, IT - Rozwój oprogramowania	2268
Finanse / Ekonomia, Doradztwo / Konsulting, Doradztwo / Konsulting	2253
Budownictwo, Praca fizyczna	2195
Internet / e-Commerce / Nowe media, Marketing	2188
Nieruchomości	2149
Prawo, Prawo, Prawo	2144
Zdrowie / Uroda / Rekreacja	2137
Edukacja / Szkolenia, Human Resources / Zasoby ludzkie	2119
Badania i rozwój, IT - Rozwój oprogramowania, IT - Rozwój oprogramowania	2118
Produkcja, Produkcja, Kontrola jakości	2067
Finanse / Ekonomia, Doradztwo / Konsulting	2039
Łańcuch dostaw, Łańcuch dostaw, Produkcja	2035
Praca fizyczna, Produkcja, Produkcja	2031
Łańcuch dostaw, Zakupy	2030
Bankowość, Bankowość	1993
Budownictwo, Sprzedaż, Sprzedaż	1992
Internet / e-Commerce / Nowe media, Internet / e-Commerce / Nowe media	1972
Administracja biurowa, Sprzedaż, Sprzedaż	1960
BHP / Ochrona środowiska, BHP / Ochrona środowiska	1921
Reklama / Grafika / Kreacja / Fotografia, Reklama / Grafika / Kreacja / Fotografia	1921
Obsługa klienta, Ubezpieczenia	1907
Human Resources / Zasoby ludzkie, Obsługa klienta	1874
Finanse / Ekonomia, Sprzedaż, Sprzedaż	1870
Call Center	1864
Łańcuch dostaw, Praca fizyczna, Praca fizyczna	1852
Łańcuch dostaw, Produkcja, Produkcja	1849
Obsługa klienta, Obsługa klienta, Obsługa klienta	1809
Nieruchomości, Nieruchomości	1800
Obsługa klienta, Praca fizyczna	1800
Kontrola jakości	1790
Badania i rozwój, Badania i rozwój	1784
Marketing	1782
Call Center, Sprzedaż	1759
Sprzedaż, Transport / Spedycja / Logistyka	1757
Produkcja, Kontrola jakości	1755
Human Resources / Zasoby ludzkie, Human Resources / Zasoby ludzkie, Sprzedaż	1703
Sprzedaż, Energetyka	1681
Inżynieria, Obsługa klienta	1674
IT - Rozwój oprogramowania, IT - Rozwój oprogramowania, Doradztwo / Konsulting	1664
Zakupy, Zakupy, Zakupy	1659
Sprzedaż, Sprzedaż, Energetyka	1649
Inżynieria, Inżynieria, Nieruchomości	1644
Obsługa klienta, Transport / Spedycja / Logistyka	1630
Obsługa klienta, Zdrowie / Uroda / Rekreacja	1619
BHP / Ochrona środowiska, BHP / Ochrona środowiska, BHP / Ochrona środowiska	1616
IT - Administracja, Obsługa klienta, Obsługa klienta	1599
Łańcuch dostaw, Produkcja	1598
Administracja biurowa, Administracja biurowa, Sprzedaż	1590
Badania i rozwój, Sprzedaż	1582
Human Resources / Zasoby ludzkie, Sprzedaż, Sprzedaż	1577
Łańcuch dostaw, Obsługa klienta	1574
Budownictwo, Budownictwo, Praca fizyczna	1567
Finanse / Ekonomia, IT - Rozwój oprogramowania	1554
Inżynieria, Inżynieria, Kontrola jakości	1542
Edukacja / Szkolenia, Sprzedaż	1536
Finanse / Ekonomia, Finanse / Ekonomia, Sprzedaż	1524
Budownictwo, Nieruchomości	1521
Call Center, Sprzedaż, Sprzedaż	1511
Badania i rozwój	1503
Hotelarstwo / Gastronomia / Turystyka, Obsługa klienta, Obsługa klienta	1431
Internet / e-Commerce / Nowe media, Sprzedaż	1428
Inżynieria, Inżynieria, Energetyka	1426
Nieruchomości, Nieruchomości, Sprzedaż	1413
Reklama / Grafika / Kreacja / Fotografia	1397
Prawo	1388
Obsługa klienta, Doradztwo / Konsulting	1387
Administracja biurowa, Sprzedaż	1357
Sprzedaż, Sprzedaż, Ubezpieczenia	1354
Badania i rozwój, IT - Administracja	1338
Inżynieria, IT - Administracja, IT - Administracja	1329
Praca fizyczna, Praca fizyczna, Produkcja	1311
IT - Administracja, IT - Administracja, Doradztwo / Konsulting	1296
Internet / e-Commerce / Nowe media, Sprzedaż, Sprzedaż	1282
Hotelarstwo / Gastronomia / Turystyka, Sprzedaż	1273
Bankowość, Bankowość, Bankowość	1270
Hotelarstwo / Gastronomia / Turystyka, Hotelarstwo / Gastronomia / Turystyka	1270
Internet / e-Commerce / Nowe media	1259
Łańcuch dostaw, Łańcuch dostaw, Obsługa klienta	1254
Badania i rozwój, Inżynieria, Inżynieria	1248
Finanse / Ekonomia, Obsługa klienta, Obsługa klienta	1239
Hotelarstwo / Gastronomia / Turystyka, Praca fizyczna	1212
Zdrowie / Uroda / Rekreacja, Zdrowie / Uroda / Rekreacja	1209
Bankowość, IT - Rozwój oprogramowania	1208
Obsługa klienta, Ubezpieczenia, Ubezpieczenia	1204
Franczyza / Własny biznes	1195
Sprzedaż, Sprzedaż, Transport / Spedycja / Logistyka	1194
Inżynieria, Kontrola jakości	1176
Łańcuch dostaw, Transport / Spedycja / Logistyka, Transport / Spedycja / Logistyka	1144
Inżynieria, Inżynieria, IT - Administracja	1111
Human Resources / Zasoby ludzkie, Human Resources / Zasoby ludzkie, Obsługa klienta	1073
Doradztwo / Konsulting, Doradztwo / Konsulting	1064
Marketing, Marketing, Public Relations	1049
Badania i rozwój, Badania i rozwój, Kontrola jakości	1048
Human Resources / Zasoby ludzkie, Human Resources / Zasoby ludzkie, Doradztwo / Konsulting	1046
Praca fizyczna, Sprzedaż, Sprzedaż	1044
Reklama / Grafika / Kreacja / Fotografia, Reklama / Grafika / Kreacja / Fotografia, Reklama / Grafika / Kreacja / Fotografia	1039
Hotelarstwo / Gastronomia / Turystyka, Hotelarstwo / Gastronomia / Turystyka, Sprzedaż	1034
Budownictwo, Sprzedaż	1028
Łańcuch dostaw, Łańcuch dostaw, Sprzedaż	1015
Internet / e-Commerce / Nowe media, Internet / e-Commerce / Nowe media, Internet / e-Commerce / Nowe media	1013
Badania i rozwój, Kontrola jakości, Kontrola jakości	995
Inne	992
Łańcuch dostaw, Sprzedaż, Sprzedaż	974
Badania i rozwój, Inżynieria	971
Call Center, Call Center	970
Doradztwo / Konsulting	968
Inżynieria, Obsługa klienta, Obsługa klienta	966
Badania i rozwój, Sprzedaż, Sprzedaż	962
Praca fizyczna, Praca fizyczna, Transport / Spedycja / Logistyka	943
Administracja biurowa, Łańcuch dostaw, Łańcuch dostaw	942
Sprzedaż, Doradztwo / Konsulting, Doradztwo / Konsulting	940
Finanse / Ekonomia, Marketing	939
Media / Sztuka / Rozrywka	936
Finanse / Ekonomia, Finanse / Ekonomia, Prawo	934
Finanse / Ekonomia, Human Resources / Zasoby ludzkie, Human Resources / Zasoby ludzkie	929
Franczyza / Własny biznes, Franczyza / Własny biznes, Reklama / Grafika / Kreacja / Fotografia	923
Finanse / Ekonomia, Finanse / Ekonomia, IT - Rozwój oprogramowania	912
Budownictwo, Budownictwo, Nieruchomości	910
Hotelarstwo / Gastronomia / Turystyka, Sprzedaż, Sprzedaż	909
Edukacja / Szkolenia, Franczyza / Własny biznes, Franczyza / Własny biznes	908
Franczyza / Własny biznes, Nieruchomości	905
Bankowość, Doradztwo / Konsulting	903
Inżynieria, IT - Administracja	902
Finanse / Ekonomia, Finanse / Ekonomia, IT - Administracja	888
Sprzedaż, Sprzedaż, Zakupy	885
IT - Rozwój oprogramowania, Doradztwo / Konsulting	876
Internet / e-Commerce / Nowe media, Internet / e-Commerce / Nowe media, Reklama / Grafika / Kreacja / Fotografia	866
Inżynieria, Nieruchomości	865
Finanse / Ekonomia, Prawo	864
Ubezpieczenia	856
Internet / e-Commerce / Nowe media, Reklama / Grafika / Kreacja / Fotografia	852
Ubezpieczenia, Ubezpieczenia	849
Obsługa klienta, Obsługa klienta, Doradztwo / Konsulting	842
Łańcuch dostaw, Sprzedaż	839
Finanse / Ekonomia, Ubezpieczenia	832
Finanse / Ekonomia, Franczyza / Własny biznes	830
Inżynieria, Energetyka	828
Human Resources / Zasoby ludzkie, Doradztwo / Konsulting	824
Transport / Spedycja / Logistyka, Transport / Spedycja / Logistyka	821
Administracja biurowa, Administracja biurowa, Łańcuch dostaw	804
Marketing, Public Relations, Public Relations	797
Bankowość, IT - Rozwój oprogramowania, IT - Rozwój oprogramowania	786
Obsługa klienta, Obsługa klienta, Zdrowie / Uroda / Rekreacja	776
Hotelarstwo / Gastronomia / Turystyka, Hotelarstwo / Gastronomia / Turystyka, Obsługa klienta	775
Edukacja / Szkolenia, Sprzedaż, Sprzedaż	764
Nieruchomości, Sprzedaż, Sprzedaż	764
Internet / e-Commerce / Nowe media, Reklama / Grafika / Kreacja / Fotografia, Reklama / Grafika / Kreacja / Fotografia	763
Badania i rozwój, Finanse / Ekonomia	762
Edukacja / Szkolenia, Edukacja / Szkolenia	761
IT - Administracja, Doradztwo / Konsulting	761
Sprzedaż, Zakupy	739
Nieruchomości, Nieruchomości, Nieruchomości	734
Internet / e-Commerce / Nowe media, Obsługa klienta	728
Administracja biurowa, Łańcuch dostaw	727
Sprzedaż, Zakupy, Zakupy	723
Administracja biurowa, Administracja biurowa, Prawo	708
Marketing, Marketing, Obsługa klienta	689
Finanse / Ekonomia, IT - Rozwój oprogramowania, IT - Rozwój oprogramowania	688
Marketing, Marketing, Reklama / Grafika / Kreacja / Fotografia	681
Sprzedaż, Zdrowie / Uroda / Rekreacja, Zdrowie / Uroda / Rekreacja	677
Łańcuch dostaw, Obsługa klienta, Obsługa klienta	677
Badania i rozwój, Kontrola jakości	666
Finanse / Ekonomia, IT - Administracja	650
Inżynieria, Praca fizyczna, Praca fizyczna	646
Reklama / Grafika / Kreacja / Fotografia, Sprzedaż, Sprzedaż	627
IT - Rozwój oprogramowania, Doradztwo / Konsulting, Doradztwo / Konsulting	616
Administracja biurowa, Bankowość	614
Badania i rozwój, IT - Administracja, IT - Administracja	608
Badania i rozwój, Marketing	607
Obsługa klienta, Obsługa klienta, Ubezpieczenia	606
Budownictwo, Nieruchomości, Nieruchomości	596
Finanse / Ekonomia, Łańcuch dostaw, Łańcuch dostaw	596
Finanse / Ekonomia, Finanse / Ekonomia, Ubezpieczenia	585
Badania i rozwój, Produkcja, Produkcja	580
Administracja biurowa, IT - Administracja	578
Badania i rozwój, Produkcja	577
Badania i rozwój, Badania i rozwój, Badania i rozwój	575
Budownictwo, Budownictwo, Energetyka	574
Obsługa klienta, Praca fizyczna, Praca fizyczna	574
Obsługa klienta, Obsługa klienta, Transport / Spedycja / Logistyka	569
Marketing, Obsługa klienta	567
Administracja biurowa, Prawo, Prawo	558
Franczyza / Własny biznes, Hotelarstwo / Gastronomia / Turystyka	556
Prawo, Sprzedaż	552
Badania i rozwój, Badania i rozwój, Inżynieria	549
Call Center, Call Center, Prawo	548
Finanse / Ekonomia, IT - Administracja, IT - Administracja	545
Franczyza / Własny biznes, Franczyza / Własny biznes	538
Finanse / Ekonomia, Ubezpieczenia, Ubezpieczenia	537
BHP / Ochrona środowiska	536
Internet / e-Commerce / Nowe media, Internet / e-Commerce / Nowe media, Sprzedaż	536
Obsługa klienta, Prawo, Prawo	533
Media / Sztuka / Rozrywka, Reklama / Grafika / Kreacja / Fotografia	530
Sprzedaż, Energetyka, Energetyka	529
Nieruchomości, Obsługa klienta	528
Administracja biurowa, Marketing, Marketing	524
Edukacja / Szkolenia, Doradztwo / Konsulting	522
Administracja biurowa, Prawo	515
Produkcja, Sprzedaż, Sprzedaż	515
Finanse / Ekonomia, Zakupy	512
BHP / Ochrona środowiska, BHP / Ochrona środowiska, Human Resources / Zasoby ludzkie	511
Prawo, Prawo, Doradztwo / Konsulting	511
Obsługa klienta, Zdrowie / Uroda / Rekreacja, Zdrowie / Uroda / Rekreacja	509
	506
Administracja biurowa, Zakupy	500
Obsługa klienta, Obsługa klienta, Prawo	497
Łańcuch dostaw, Kontrola jakości, Kontrola jakości	497
Administracja biurowa, Administracja biurowa, Transport / Spedycja / Logistyka	494
Finanse / Ekonomia, Łańcuch dostaw	492
Inżynieria, Łańcuch dostaw, Łańcuch dostaw	490
Energetyka	486
Badania i rozwój, Finanse / Ekonomia, Finanse / Ekonomia	485
Inżynieria, Inżynieria, Łańcuch dostaw	479
Bankowość, IT - Administracja	476
Praca fizyczna, Kontrola jakości	475
Administracja biurowa, Zakupy, Zakupy	468
Administracja biurowa, Inżynieria, Inżynieria	466
Administracja biurowa, Administracja biurowa, Marketing	461
Administracja biurowa, Hotelarstwo / Gastronomia / Turystyka	458
Obsługa klienta, Kontrola jakości, Kontrola jakości	458
Franczyza / Własny biznes, Ubezpieczenia, Ubezpieczenia	456
Inne, Sprzedaż	456
IT - Rozwój oprogramowania, Obsługa klienta	452
Obsługa klienta, Doradztwo / Konsulting, Doradztwo / Konsulting	448
Marketing, Reklama / Grafika / Kreacja / Fotografia	443
Finanse / Ekonomia, Prawo, Prawo	441
Finanse / Ekonomia, Marketing, Marketing	440
Marketing, Marketing, Media / Sztuka / Rozrywka	438
Administracja biurowa, Administracja biurowa, Zakupy	437
Budownictwo, Praca fizyczna, Praca fizyczna	436
Budownictwo, Budownictwo, Sprzedaż	428
Inne, IT - Rozwój oprogramowania	427
Administracja biurowa, Call Center	423
Edukacja / Szkolenia, Human Resources / Zasoby ludzkie, Human Resources / Zasoby ludzkie	423
Łańcuch dostaw, Łańcuch dostaw, Kontrola jakości	421
Administracja biurowa, Edukacja / Szkolenia	418
Marketing, Public Relations	418
Praca fizyczna, Sprzedaż	410
Badania i rozwój, Badania i rozwój, Produkcja	409
Bankowość, Bankowość, Prawo	405
Franczyza / Własny biznes, Nieruchomości, Nieruchomości	405
Administracja biurowa, Transport / Spedycja / Logistyka	404
Sektor publiczny	402
Sektor publiczny, Sektor publiczny	401
Bankowość, Bankowość, IT - Rozwój oprogramowania	400
Inżynieria, Nieruchomości, Nieruchomości	400
Edukacja / Szkolenia, Zdrowie / Uroda / Rekreacja	397
Administracja biurowa, Media / Sztuka / Rozrywka	396
Marketing, Media / Sztuka / Rozrywka	395
Administracja biurowa, Nieruchomości	392
Administracja biurowa, Marketing	391
Budownictwo, Finanse / Ekonomia, Finanse / Ekonomia	391
Produkcja, Reklama / Grafika / Kreacja / Fotografia	389
Edukacja / Szkolenia, Obsługa klienta	388
Internet / e-Commerce / Nowe media, IT - Administracja, IT - Administracja	388
Inne, Sprzedaż, Sprzedaż	386
Obsługa klienta, Zakupy	385
Doradztwo / Konsulting, Doradztwo / Konsulting, Doradztwo / Konsulting	384
Inżynieria, Łańcuch dostaw	383
Internet / e-Commerce / Nowe media, Internet / e-Commerce / Nowe media, Media / Sztuka / Rozrywka	374
Prawo, Sprzedaż, Sprzedaż	374
Administracja biurowa, Inżynieria	372
Administracja biurowa, Badania i rozwój	366
Administracja biurowa, Administracja biurowa, IT - Administracja	363
Bankowość, Doradztwo / Konsulting, Doradztwo / Konsulting	358
Marketing, Reklama / Grafika / Kreacja / Fotografia, Reklama / Grafika / Kreacja / Fotografia	356
Administracja biurowa, Administracja biurowa, Edukacja / Szkolenia	355
Administracja biurowa, Administracja biurowa, Doradztwo / Konsulting	354
Bankowość, Bankowość, Doradztwo / Konsulting	354
IT - Rozwój oprogramowania, IT - Rozwój oprogramowania, Obsługa klienta	348
Produkcja, Zakupy, Zakupy	346
Badania i rozwój, Doradztwo / Konsulting	344
Marketing, Zakupy, Zakupy	339
Finanse / Ekonomia, Finanse / Ekonomia, Inżynieria	338
Finanse / Ekonomia, Produkcja	337
Marketing, Zakupy	335
Ubezpieczenia, Ubezpieczenia, Ubezpieczenia	335
Marketing, Doradztwo / Konsulting	330
IT - Rozwój oprogramowania, Sprzedaż	327
Administracja biurowa, Internet / e-Commerce / Nowe media	325
Finanse / Ekonomia, Finanse / Ekonomia, Sektor publiczny	323
Badania i rozwój, Marketing, Marketing	322
Call Center, IT - Administracja	321
Transport / Spedycja / Logistyka, Transport / Spedycja / Logistyka, Transport / Spedycja / Logistyka	321
Finanse / Ekonomia, Finanse / Ekonomia, Produkcja	319
Administracja biurowa, Administracja biurowa, Bankowość	318
Public Relations, Public Relations	318
Administracja biurowa, IT - Administracja, IT - Administracja	317
Budownictwo, Finanse / Ekonomia	317
Badania i rozwój, Badania i rozwój, Marketing	315
Finanse / Ekonomia, Zakupy, Zakupy	315
Praca fizyczna, Transport / Spedycja / Logistyka, Transport / Spedycja / Logistyka	312
Finanse / Ekonomia, Finanse / Ekonomia, Łańcuch dostaw	311
Internet / e-Commerce / Nowe media, Media / Sztuka / Rozrywka	311
Edukacja / Szkolenia, Franczyza / Własny biznes	310
Bankowość, Ubezpieczenia	309
Administracja biurowa, Bankowość, Bankowość	307
Edukacja / Szkolenia, IT - Rozwój oprogramowania	307
Inżynieria, Reklama / Grafika / Kreacja / Fotografia	307
Administracja biurowa, Internet / e-Commerce / Nowe media, Internet / e-Commerce / Nowe media	306
Badania i rozwój, Zdrowie / Uroda / Rekreacja	306
Inżynieria, Zakupy, Zakupy	306
Administracja biurowa, Nieruchomości, Nieruchomości	303
Obsługa klienta, Kontrola jakości	301
IT - Rozwój oprogramowania, Marketing	300
Nieruchomości, Praca fizyczna	298
IT - Rozwój oprogramowania, IT - Rozwój oprogramowania, Kontrola jakości	295
Administracja biurowa, Administracja biurowa, Nieruchomości	294
Administracja biurowa, Administracja biurowa, Hotelarstwo / Gastronomia / Turystyka	293
Budownictwo, Budownictwo, Finanse / Ekonomia	293
Finanse / Ekonomia, Nieruchomości	293
Administracja biurowa, Hotelarstwo / Gastronomia / Turystyka, Hotelarstwo / Gastronomia / Turystyka	292
Administracja biurowa, IT - Rozwój oprogramowania	287
Marketing, Obsługa klienta, Obsługa klienta	286
Franczyza / Własny biznes, Obsługa klienta	283
Finanse / Ekonomia, Finanse / Ekonomia, Zakupy	280
Bankowość, IT - Administracja, IT - Administracja	276
Human Resources / Zasoby ludzkie, IT - Administracja	276
Internet / e-Commerce / Nowe media, Obsługa klienta, Obsługa klienta	276
Administracja biurowa, Budownictwo, Budownictwo	275
Inne, Praca fizyczna	274
Finanse / Ekonomia, Sektor publiczny	273
Obsługa klienta, Zakupy, Zakupy	272
Badania i rozwój, Doradztwo / Konsulting, Doradztwo / Konsulting	270
Finanse / Ekonomia, Inżynieria	270
BHP / Ochrona środowiska, Sprzedaż, Sprzedaż	267
Inżynieria, Zakupy	265
Produkcja, Zakupy	265
Łańcuch dostaw, Kontrola jakości	265
Media / Sztuka / Rozrywka, Media / Sztuka / Rozrywka	262
Budownictwo, Energetyka	259
Budownictwo, Obsługa klienta	258
Human Resources / Zasoby ludzkie, Marketing, Marketing	257
Marketing, Marketing, Zakupy	255
Inżynieria, Energetyka, Energetyka	253
Reklama / Grafika / Kreacja / Fotografia, Sprzedaż	252
Inne, Finanse / Ekonomia	251
Badania i rozwój, Bankowość	249
BHP / Ochrona środowiska, Budownictwo	248
Internet / e-Commerce / Nowe media, Internet / e-Commerce / Nowe media, Obsługa klienta	247
Finanse / Ekonomia, Finanse / Ekonomia, Marketing	245
IT - Rozwój oprogramowania, Obsługa klienta, Obsługa klienta	245
Hotelarstwo / Gastronomia / Turystyka, Hotelarstwo / Gastronomia / Turystyka, Hotelarstwo / Gastronomia / Turystyka	244
Marketing, Marketing, Doradztwo / Konsulting	243
Obsługa klienta, Obsługa klienta, Kontrola jakości	243
Produkcja, Doradztwo / Konsulting	243
Franczyza / Własny biznes, Franczyza / Własny biznes, Franczyza / Własny biznes	242
Badania i rozwój, Badania i rozwój, Sprzedaż	241
Obsługa klienta, Obsługa klienta, Praca fizyczna	241
Call Center, Prawo	240
Budownictwo, Produkcja, Produkcja	239
Administracja biurowa, Administracja biurowa, Internet / e-Commerce / Nowe media	238
Inne, Praca fizyczna, Praca fizyczna	238
BHP / Ochrona środowiska, Budownictwo, Budownictwo	236
Inne, Finanse / Ekonomia, Finanse / Ekonomia	236
Bankowość, Prawo, Prawo	235
Bankowość, Bankowość, IT - Administracja	233
Administracja biurowa, Doradztwo / Konsulting	232
Administracja biurowa, Administracja biurowa, Inżynieria	231
Finanse / Ekonomia, Inżynieria, Inżynieria	230
Human Resources / Zasoby ludzkie, Marketing	228
Franczyza / Własny biznes, Franczyza / Własny biznes, Zdrowie / Uroda / Rekreacja	227
Administracja biurowa, Administracja biurowa, Media / Sztuka / Rozrywka	226
Bankowość, Prawo	226
Administracja biurowa, Administracja biurowa, Badania i rozwój	224
Internet / e-Commerce / Nowe media, IT - Administracja	224
Administracja biurowa, Administracja biurowa, Call Center	222
Nieruchomości, Nieruchomości, Obsługa klienta	222
BHP / Ochrona środowiska, BHP / Ochrona środowiska, Budownictwo	219
Internet / e-Commerce / Nowe media, Internet / e-Commerce / Nowe media, IT - Administracja	216
Administracja biurowa, Budownictwo	215
Media / Sztuka / Rozrywka, Obsługa klienta	214
Badania i rozwój, Obsługa klienta	213
IT - Rozwój oprogramowania, Sprzedaż, Sprzedaż	213
Obsługa klienta, Reklama / Grafika / Kreacja / Fotografia	213
Finanse / Ekonomia, Franczyza / Własny biznes, Franczyza / Własny biznes	212
Human Resources / Zasoby ludzkie, IT - Administracja, IT - Administracja	210
Bankowość, Bankowość, Franczyza / Własny biznes	207
Inne, Produkcja	206
Administracja biurowa, Call Center, Call Center	205
Administracja biurowa, Sektor publiczny	205
Prawo, Doradztwo / Konsulting	205
Inne, Administracja biurowa	204
Administracja biurowa, Administracja biurowa, Ubezpieczenia	203
Human Resources / Zasoby ludzkie, Doradztwo / Konsulting, Doradztwo / Konsulting	203
IT - Administracja, Doradztwo / Konsulting, Doradztwo / Konsulting	200
Inne, Inżynieria	200
Administracja biurowa, Administracja biurowa, IT - Rozwój oprogramowania	199
IT - Rozwój oprogramowania, Kontrola jakości	196
Badania i rozwój, Badania i rozwój, Zdrowie / Uroda / Rekreacja	194
Human Resources / Zasoby ludzkie, Obsługa klienta, Obsługa klienta	194
Produkcja, Sprzedaż	194
Administracja biurowa, Administracja biurowa, Budownictwo	192
Finanse / Ekonomia, Finanse / Ekonomia, Nieruchomości	192
Praca fizyczna, Zdrowie / Uroda / Rekreacja	192
Administracja biurowa, Administracja biurowa, Sektor publiczny	190
IT - Administracja, Sprzedaż, Sprzedaż	190
Human Resources / Zasoby ludzkie, Human Resources / Zasoby ludzkie, IT - Administracja	189
BHP / Ochrona środowiska, BHP / Ochrona środowiska, Inżynieria	188
Franczyza / Własny biznes, Zdrowie / Uroda / Rekreacja, Zdrowie / Uroda / Rekreacja	188
Inżynieria, Inżynieria, Reklama / Grafika / Kreacja / Fotografia	187
Edukacja / Szkolenia, Edukacja / Szkolenia, Human Resources / Zasoby ludzkie	186
IT - Rozwój oprogramowania, Kontrola jakości, Kontrola jakości	185
Call Center, Doradztwo / Konsulting	184
Bankowość, Call Center	182
Obsługa klienta, Obsługa klienta, Zakupy	182
Administracja biurowa, Praca fizyczna	181
BHP / Ochrona środowiska, Inżynieria, Inżynieria	180
Media / Sztuka / Rozrywka, Sprzedaż	180
Bankowość, Marketing	178
Inne, Obsługa klienta	178
Hotelarstwo / Gastronomia / Turystyka, Hotelarstwo / Gastronomia / Turystyka, Praca fizyczna	177
Administracja biurowa, Ubezpieczenia	176
IT - Rozwój oprogramowania, Reklama / Grafika / Kreacja / Fotografia	174
IT - Administracja, Sprzedaż	171
Inne, Administracja biurowa, Administracja biurowa	171
Produkcja, Produkcja, Zakupy	170
Budownictwo, Energetyka, Energetyka	169
Finanse / Ekonomia, Nieruchomości, Nieruchomości	169
Inne, Human Resources / Zasoby ludzkie	168
Inne, IT - Rozwój oprogramowania, IT - Rozwój oprogramowania	168
Obsługa klienta, Produkcja	167
Budownictwo, Budownictwo, Kontrola jakości	166
Finanse / Ekonomia, Produkcja, Produkcja	165
Administracja biurowa, Produkcja	164
Finanse / Ekonomia, Kontrola jakości, Kontrola jakości	163
IT - Rozwój oprogramowania, IT - Rozwój oprogramowania, Sprzedaż	160
Finanse / Ekonomia, Internet / e-Commerce / Nowe media	159
Obsługa klienta, Transport / Spedycja / Logistyka, Transport / Spedycja / Logistyka	159
Obsługa klienta, Produkcja, Produkcja	158
Sektor publiczny, Sprzedaż	158
Edukacja / Szkolenia, IT - Administracja	156
Budownictwo, Produkcja	154
IT - Administracja, Łańcuch dostaw, Łańcuch dostaw	154
Inżynieria, Inżynieria, Doradztwo / Konsulting	154
Call Center, Call Center, Human Resources / Zasoby ludzkie	152
Administracja biurowa, Kontrola jakości, Kontrola jakości	151
Administracja biurowa, Reklama / Grafika / Kreacja / Fotografia	151
Ubezpieczenia, Ubezpieczenia, Doradztwo / Konsulting	151
Badania i rozwój, Zdrowie / Uroda / Rekreacja, Zdrowie / Uroda / Rekreacja	150
Edukacja / Szkolenia, Doradztwo / Konsulting, Doradztwo / Konsulting	150
Human Resources / Zasoby ludzkie, Nieruchomości	150
Sprzedaż, Transport / Spedycja / Logistyka, Transport / Spedycja / Logistyka	150
Administracja biurowa, Ubezpieczenia, Ubezpieczenia	149
Edukacja / Szkolenia, Inżynieria, Inżynieria	149
Human Resources / Zasoby ludzkie, IT - Rozwój oprogramowania	149
Inżynieria, Inżynieria, Zakupy	149
Marketing, Doradztwo / Konsulting, Doradztwo / Konsulting	149
IT - Rozwój oprogramowania, IT - Rozwój oprogramowania, Marketing	148
Finanse / Ekonomia, Finanse / Ekonomia, Energetyka	147
Call Center, Call Center, IT - Administracja	146
Inżynieria, Reklama / Grafika / Kreacja / Fotografia, Reklama / Grafika / Kreacja / Fotografia	145
Bankowość, Human Resources / Zasoby ludzkie	144
Produkcja, Produkcja, Reklama / Grafika / Kreacja / Fotografia	144
BHP / Ochrona środowiska, BHP / Ochrona środowiska, Produkcja	143
IT - Administracja, Łańcuch dostaw	143
Inżynieria, Marketing	143
Sektor publiczny, Sprzedaż, Sprzedaż	143
Budownictwo, Budownictwo, Sektor publiczny	142
Media / Sztuka / Rozrywka, Sprzedaż, Sprzedaż	141
Prawo, Transport / Spedycja / Logistyka, Transport / Spedycja / Logistyka	141
Bankowość, Call Center, Call Center	140
BHP / Ochrona środowiska, BHP / Ochrona środowiska, Sprzedaż	139
Call Center, Internet / e-Commerce / Nowe media	139
Bankowość, Ubezpieczenia, Ubezpieczenia	138
Budownictwo, Budownictwo, Produkcja	138
Edukacja / Szkolenia, Edukacja / Szkolenia, Sprzedaż	138
Nieruchomości, Energetyka	138
BHP / Ochrona środowiska, Sprzedaż	137
Finanse / Ekonomia, Sektor publiczny, Sektor publiczny	137
Sprzedaż, Kontrola jakości	137
BHP / Ochrona środowiska, Human Resources / Zasoby ludzkie	136
Prawo, Ubezpieczenia	136
Inne, Inżynieria, Inżynieria	135
Badania i rozwój, Obsługa klienta, Obsługa klienta	134
Administracja biurowa, Produkcja, Produkcja	133
Inżynieria, Doradztwo / Konsulting	133
Edukacja / Szkolenia, Obsługa klienta, Obsługa klienta	132
IT - Administracja, IT - Administracja, Łańcuch dostaw	131
IT - Rozwój oprogramowania, Marketing, Marketing	131
Human Resources / Zasoby ludzkie, IT - Rozwój oprogramowania, IT - Rozwój oprogramowania	130
IT - Administracja, IT - Administracja, Sprzedaż	128
Inne, IT - Administracja	128
Finanse / Ekonomia, Energetyka	127
Edukacja / Szkolenia, Kontrola jakości	126
Administracja biurowa, Administracja biurowa, Reklama / Grafika / Kreacja / Fotografia	125
Zakupy, Zakupy, Doradztwo / Konsulting	125
Administracja biurowa, Doradztwo / Konsulting, Doradztwo / Konsulting	123
Edukacja / Szkolenia, Inżynieria	123
Inżynieria, Inżynieria, Ubezpieczenia	123
Prawo, Sektor publiczny	123
BHP / Ochrona środowiska, Kontrola jakości	121
Human Resources / Zasoby ludzkie, Prawo	121
Łańcuch dostaw, Łańcuch dostaw, Doradztwo / Konsulting	121
Prawo, Prawo, Sektor publiczny	120
Sprzedaż, Sprzedaż, Kontrola jakości	120
Budownictwo, Kontrola jakości, Kontrola jakości	119
Finanse / Ekonomia, Finanse / Ekonomia, Kontrola jakości	118
BHP / Ochrona środowiska, Kontrola jakości, Kontrola jakości	117
Hotelarstwo / Gastronomia / Turystyka, Produkcja	117
Inne, IT - Administracja, IT - Administracja	116
BHP / Ochrona środowiska, BHP / Ochrona środowiska, Edukacja / Szkolenia	115
BHP / Ochrona środowiska, BHP / Ochrona środowiska, Kontrola jakości	115
Budownictwo, Obsługa klienta, Obsługa klienta	115
Media / Sztuka / Rozrywka, Reklama / Grafika / Kreacja / Fotografia, Reklama / Grafika / Kreacja / Fotografia	115
Inne, Produkcja, Produkcja	114
Administracja biurowa, Administracja biurowa, Produkcja	113
Hotelarstwo / Gastronomia / Turystyka, Zdrowie / Uroda / Rekreacja	113
Badania i rozwój, BHP / Ochrona środowiska	112
Edukacja / Szkolenia, IT - Rozwój oprogramowania, IT - Rozwój oprogramowania	112
Franczyza / Własny biznes, Franczyza / Własny biznes, Media / Sztuka / Rozrywka	112
IT - Rozwój oprogramowania, IT - Rozwój oprogramowania, Reklama / Grafika / Kreacja / Fotografia	111
Internet / e-Commerce / Nowe media, Zakupy	111
Badania i rozwój, Budownictwo	110
Human Resources / Zasoby ludzkie, Human Resources / Zasoby ludzkie, Marketing	110
Administracja biurowa, Badania i rozwój, Badania i rozwój	109
Energetyka, Energetyka	108
Marketing, Produkcja, Produkcja	108
Human Resources / Zasoby ludzkie, Ubezpieczenia, Ubezpieczenia	107
IT - Rozwój oprogramowania, Łańcuch dostaw, Łańcuch dostaw	107
Administracja biurowa, Kontrola jakości	106
Bankowość, Marketing, Marketing	106
BHP / Ochrona środowiska, Inżynieria	105
Call Center, Ubezpieczenia	105
Obsługa klienta, Sektor publiczny	105
Produkcja, Produkcja, Transport / Spedycja / Logistyka	105
Bankowość, Bankowość, Marketing	104
IT - Administracja, Zakupy	104
Obsługa klienta, Energetyka	104
Finanse / Ekonomia, Finanse / Ekonomia, Franczyza / Własny biznes	103
Human Resources / Zasoby ludzkie, Public Relations	103
Budownictwo, Zakupy	102
Call Center, IT - Administracja, IT - Administracja	102
IT - Rozwój oprogramowania, Łańcuch dostaw	102
Produkcja, Produkcja, Sprzedaż	102
Edukacja / Szkolenia, Edukacja / Szkolenia, Zdrowie / Uroda / Rekreacja	101
Produkcja, Produkcja, Doradztwo / Konsulting	101
Edukacja / Szkolenia, Finanse / Ekonomia	100
Produkcja, Doradztwo / Konsulting, Doradztwo / Konsulting	100
Administracja biurowa, IT - Rozwój oprogramowania, IT - Rozwój oprogramowania	99
Bankowość, Franczyza / Własny biznes	99
Human Resources / Zasoby ludzkie, Ubezpieczenia	98
Public Relations	98
Franczyza / Własny biznes, Obsługa klienta, Obsługa klienta	97
Hotelarstwo / Gastronomia / Turystyka, Marketing, Marketing	97
Zakupy, Doradztwo / Konsulting	97
Badania i rozwój, Edukacja / Szkolenia	96
Franczyza / Własny biznes, Prawo, Prawo	96
Inżynieria, Inżynieria, Marketing	96
BHP / Ochrona środowiska, Produkcja, Produkcja	95
Badania i rozwój, Internet / e-Commerce / Nowe media	95
IT - Rozwój oprogramowania, Reklama / Grafika / Kreacja / Fotografia, Reklama / Grafika / Kreacja / Fotografia	94
Zakupy, Kontrola jakości	94
Badania i rozwój, Badania i rozwój, IT - Rozwój oprogramowania	93
Edukacja / Szkolenia, Produkcja	93
Prawo, Doradztwo / Konsulting, Doradztwo / Konsulting	93
IT - Administracja, Marketing	92
Inżynieria, Marketing, Marketing	92
Sprzedaż, Kontrola jakości, Kontrola jakości	92
Budownictwo, Zakupy, Zakupy	91
Nieruchomości, Prawo	91
Budownictwo, Sektor publiczny	90
Administracja biurowa, Edukacja / Szkolenia, Edukacja / Szkolenia	89
Administracja biurowa, Zdrowie / Uroda / Rekreacja	89
Edukacja / Szkolenia, Edukacja / Szkolenia, Obsługa klienta	89
Human Resources / Zasoby ludzkie, Internet / e-Commerce / Nowe media	89
IT - Administracja, Kontrola jakości	89
Inne, Human Resources / Zasoby ludzkie, Human Resources / Zasoby ludzkie	88
Inne, Zakupy, Zakupy	88
Internet / e-Commerce / Nowe media, Public Relations, Public Relations	88
Administracja biurowa, Administracja biurowa, Energetyka	87
Hotelarstwo / Gastronomia / Turystyka, Nieruchomości	87
Human Resources / Zasoby ludzkie, Produkcja	87
Call Center, Finanse / Ekonomia, Finanse / Ekonomia	86
Edukacja / Szkolenia, Marketing	86
Edukacja / Szkolenia, Łańcuch dostaw	86
IT - Rozwój oprogramowania, Produkcja	86
Zakupy, Kontrola jakości, Kontrola jakości	86
Łańcuch dostaw, Doradztwo / Konsulting	86
Budownictwo, Budownictwo, Obsługa klienta	85
Call Center, Hotelarstwo / Gastronomia / Turystyka	85
Franczyza / Własny biznes, Franczyza / Własny biznes, Nieruchomości	85
IT - Administracja, Marketing, Marketing	85
Inne, Badania i rozwój	85
Administracja biurowa, Sektor publiczny, Sektor publiczny	84
Badania i rozwój, Łańcuch dostaw	83
Sektor publiczny, Doradztwo / Konsulting	83
Marketing, Produkcja	82
Bankowość, Human Resources / Zasoby ludzkie, Human Resources / Zasoby ludzkie	81
Budownictwo, Łańcuch dostaw, Łańcuch dostaw	81
Human Resources / Zasoby ludzkie, Human Resources / Zasoby ludzkie, Public Relations	81
Marketing, Media / Sztuka / Rozrywka, Media / Sztuka / Rozrywka	81
Media / Sztuka / Rozrywka, Media / Sztuka / Rozrywka, Reklama / Grafika / Kreacja / Fotografia	81
Badania i rozwój, Badania i rozwój, Doradztwo / Konsulting	80
Budownictwo, Marketing	80
Inżynieria, Ubezpieczenia, Ubezpieczenia	80
Finanse / Ekonomia, Kontrola jakości	79
Finanse / Ekonomia, Transport / Spedycja / Logistyka	79
IT - Administracja, Prawo	79
IT - Rozwój oprogramowania, Produkcja, Produkcja	79
Produkcja, Zdrowie / Uroda / Rekreacja	79
Administracja biurowa, Administracja biurowa, Zdrowie / Uroda / Rekreacja	78
BHP / Ochrona środowiska, Produkcja	77
Hotelarstwo / Gastronomia / Turystyka, Łańcuch dostaw, Łańcuch dostaw	77
Nieruchomości, Kontrola jakości	77
Łańcuch dostaw, Doradztwo / Konsulting, Doradztwo / Konsulting	77
Edukacja / Szkolenia, Edukacja / Szkolenia, Franczyza / Własny biznes	76
Human Resources / Zasoby ludzkie, Łańcuch dostaw, Łańcuch dostaw	76
Produkcja, Energetyka	76
Human Resources / Zasoby ludzkie, Inżynieria	75
Human Resources / Zasoby ludzkie, Zdrowie / Uroda / Rekreacja	74
Łańcuch dostaw, Łańcuch dostaw, Marketing	74
Franczyza / Własny biznes, Franczyza / Własny biznes, Hotelarstwo / Gastronomia / Turystyka	73
Human Resources / Zasoby ludzkie, Human Resources / Zasoby ludzkie, Prawo	73
IT - Rozwój oprogramowania, Ubezpieczenia	73
Inżynieria, Ubezpieczenia	73
Obsługa klienta, Reklama / Grafika / Kreacja / Fotografia, Reklama / Grafika / Kreacja / Fotografia	73
Administracja biurowa, BHP / Ochrona środowiska, BHP / Ochrona środowiska	72
Edukacja / Szkolenia, Edukacja / Szkolenia, IT - Administracja	72
Finanse / Ekonomia, Hotelarstwo / Gastronomia / Turystyka	72
Sektor publiczny, Sektor publiczny, Sektor publiczny	72
Budownictwo, Kontrola jakości	71
Finanse / Ekonomia, Finanse / Ekonomia, Transport / Spedycja / Logistyka	71
Administracja biurowa, Administracja biurowa, Kontrola jakości	70
Call Center, Finanse / Ekonomia	70
Call Center, Human Resources / Zasoby ludzkie	69
Hotelarstwo / Gastronomia / Turystyka, Kontrola jakości	69
Inżynieria, Doradztwo / Konsulting, Doradztwo / Konsulting	69
Łańcuch dostaw, Marketing	69
Inżynieria, Media / Sztuka / Rozrywka	68
Łańcuch dostaw, Marketing, Marketing	68
Edukacja / Szkolenia, Zdrowie / Uroda / Rekreacja, Zdrowie / Uroda / Rekreacja	67
Marketing, Ubezpieczenia	67
Nieruchomości, Nieruchomości, Doradztwo / Konsulting	67
Obsługa klienta, Obsługa klienta, Produkcja	67
Produkcja, Reklama / Grafika / Kreacja / Fotografia, Reklama / Grafika / Kreacja / Fotografia	67
Reklama / Grafika / Kreacja / Fotografia, Zdrowie / Uroda / Rekreacja	67
BHP / Ochrona środowiska, BHP / Ochrona środowiska, Doradztwo / Konsulting	66
Badania i rozwój, Energetyka	66
Budownictwo, Budownictwo, Prawo	66
Edukacja / Szkolenia, Marketing, Marketing	66
Nieruchomości, Doradztwo / Konsulting	66
Prawo, Prawo, Sprzedaż	66
Transport / Spedycja / Logistyka, Kontrola jakości	66
Ubezpieczenia, Doradztwo / Konsulting	66
Franczyza / Własny biznes, Energetyka	65
Inne, Zakupy	65
Internet / e-Commerce / Nowe media, Public Relations	65
Sektor publiczny, Sektor publiczny, Sprzedaż	65
Transport / Spedycja / Logistyka, Zakupy	65
Zdrowie / Uroda / Rekreacja, Doradztwo / Konsulting	65
Human Resources / Zasoby ludzkie, Produkcja, Produkcja	64
IT - Administracja, Produkcja, Produkcja	64
Inne, Obsługa klienta, Obsługa klienta	64
Nieruchomości, Produkcja	64
Badania i rozwój, Łańcuch dostaw, Łańcuch dostaw	63
Prawo, Ubezpieczenia, Ubezpieczenia	63
Sektor publiczny, Doradztwo / Konsulting, Doradztwo / Konsulting	63
Budownictwo, Prawo	62
Call Center, Call Center, Finanse / Ekonomia	62
Hotelarstwo / Gastronomia / Turystyka, Produkcja, Produkcja	62
Human Resources / Zasoby ludzkie, Łańcuch dostaw	62
IT - Rozwój oprogramowania, Zakupy	62
Nieruchomości, Nieruchomości, Zakupy	62
Zdrowie / Uroda / Rekreacja, Zdrowie / Uroda / Rekreacja, Zdrowie / Uroda / Rekreacja	62
Badania i rozwój, Badania i rozwój, Obsługa klienta	61
Edukacja / Szkolenia, Edukacja / Szkolenia, Edukacja / Szkolenia	61
Edukacja / Szkolenia, Sektor publiczny	61
Internet / e-Commerce / Nowe media, Doradztwo / Konsulting	61
Marketing, Marketing, Produkcja	61
Badania i rozwój, Badania i rozwój, Budownictwo	60
Budownictwo, Doradztwo / Konsulting	60
Edukacja / Szkolenia, IT - Administracja, IT - Administracja	60
IT - Administracja, Zakupy, Zakupy	60
Inne, Łańcuch dostaw	60
Energetyka, Doradztwo / Konsulting, Doradztwo / Konsulting	59
Hotelarstwo / Gastronomia / Turystyka, Doradztwo / Konsulting	59
IT - Administracja, IT - Administracja, Produkcja	59
Hotelarstwo / Gastronomia / Turystyka, Marketing	58
Inne, Reklama / Grafika / Kreacja / Fotografia	58
Inne, Ubezpieczenia	58
Call Center, Call Center, Edukacja / Szkolenia	57
Marketing, Marketing, Zdrowie / Uroda / Rekreacja	57
Praca fizyczna, Kontrola jakości, Kontrola jakości	57
Administracja biurowa, Administracja biurowa, BHP / Ochrona środowiska	56
Bankowość, Bankowość, Ubezpieczenia	56
Finanse / Ekonomia, Internet / e-Commerce / Nowe media, Internet / e-Commerce / Nowe media	56
Media / Sztuka / Rozrywka, Public Relations, Public Relations	56
Badania i rozwój, Badania i rozwój, Finanse / Ekonomia	55
Budownictwo, Budownictwo, Zakupy	55
Budownictwo, Prawo, Prawo	55
Marketing, Zdrowie / Uroda / Rekreacja	55
Media / Sztuka / Rozrywka, Public Relations	55
Badania i rozwój, Internet / e-Commerce / Nowe media, Internet / e-Commerce / Nowe media	54
Budownictwo, Sektor publiczny, Sektor publiczny	54
IT - Administracja, Kontrola jakości, Kontrola jakości	54
Inne, Kontrola jakości	54
Inne, Transport / Spedycja / Logistyka	54
Inżynieria, Inżynieria, Transport / Spedycja / Logistyka	54
Marketing, Marketing, Nieruchomości	54
Administracja biurowa, Transport / Spedycja / Logistyka, Transport / Spedycja / Logistyka	53
BHP / Ochrona środowiska, Obsługa klienta	53
Call Center, Call Center, Doradztwo / Konsulting	53
Hotelarstwo / Gastronomia / Turystyka, Hotelarstwo / Gastronomia / Turystyka, Nieruchomości	53
Praca fizyczna, Sektor publiczny	53
BHP / Ochrona środowiska, Doradztwo / Konsulting	52
Badania i rozwój, BHP / Ochrona środowiska, BHP / Ochrona środowiska	52
Badania i rozwój, Zakupy	52
Inżynieria, Inżynieria, Sektor publiczny	52
Prawo, Sektor publiczny, Sektor publiczny	52
Administracja biurowa, Administracja biurowa, Praca fizyczna	51
Budownictwo, Transport / Spedycja / Logistyka	51
Finanse / Ekonomia, Finanse / Ekonomia, Hotelarstwo / Gastronomia / Turystyka	51
Hotelarstwo / Gastronomia / Turystyka, Inżynieria	51
Human Resources / Zasoby ludzkie, Praca fizyczna	51
Inne, Łańcuch dostaw, Łańcuch dostaw	51
Praca fizyczna, Zdrowie / Uroda / Rekreacja, Zdrowie / Uroda / Rekreacja	51
Produkcja, Produkcja, Energetyka	51
Zakupy, Doradztwo / Konsulting, Doradztwo / Konsulting	51
BHP / Ochrona środowiska, Edukacja / Szkolenia	50
Budownictwo, Łańcuch dostaw	50
Inne, Nieruchomości	50
Nieruchomości, Doradztwo / Konsulting, Doradztwo / Konsulting	50
Praca fizyczna, Praca fizyczna, Sprzedaż	50
Call Center, Call Center, Internet / e-Commerce / Nowe media	49
Edukacja / Szkolenia, Media / Sztuka / Rozrywka	49
IT - Administracja, IT - Administracja, Marketing	49
Inżynieria, Sektor publiczny	49
Kontrola jakości, Doradztwo / Konsulting	49
Prawo, Prawo, Transport / Spedycja / Logistyka	49
Sektor publiczny, Zakupy	49
Edukacja / Szkolenia, Prawo	48
IT - Administracja, Produkcja	48
Inne, Budownictwo	48
Kontrola jakości, Zdrowie / Uroda / Rekreacja	48
Nieruchomości, Zakupy, Zakupy	48
IT - Administracja, IT - Administracja, Zakupy	47
IT - Rozwój oprogramowania, IT - Rozwój oprogramowania, Łańcuch dostaw	47
Nieruchomości, Nieruchomości, Prawo	47
Zakupy, Zakupy, Kontrola jakości	47
Edukacja / Szkolenia, Finanse / Ekonomia, Finanse / Ekonomia	46
Energetyka, Energetyka, Energetyka	46
Finanse / Ekonomia, Finanse / Ekonomia, Internet / e-Commerce / Nowe media	46
Human Resources / Zasoby ludzkie, Human Resources / Zasoby ludzkie, Internet / e-Commerce / Nowe media	46
IT - Rozwój oprogramowania, IT - Rozwój oprogramowania, Ubezpieczenia	46
Inne, Marketing	46
Internet / e-Commerce / Nowe media, Łańcuch dostaw, Łańcuch dostaw	46
Kontrola jakości, Kontrola jakości, Doradztwo / Konsulting	46
Marketing, Ubezpieczenia, Ubezpieczenia	46
Nieruchomości, Prawo, Prawo	46
Sektor publiczny, Zdrowie / Uroda / Rekreacja	46
BHP / Ochrona środowiska, BHP / Ochrona środowiska, Energetyka	45
Hotelarstwo / Gastronomia / Turystyka, Hotelarstwo / Gastronomia / Turystyka, Zdrowie / Uroda / Rekreacja	45
Hotelarstwo / Gastronomia / Turystyka, Praca fizyczna, Praca fizyczna	45
Nieruchomości, Zakupy	45
Obsługa klienta, Obsługa klienta, Energetyka	45
Praca fizyczna, Sektor publiczny, Sektor publiczny	45
Administracja biurowa, Energetyka	44
Call Center, Prawo, Prawo	44
Franczyza / Własny biznes, Internet / e-Commerce / Nowe media, Internet / e-Commerce / Nowe media	44
Franczyza / Własny biznes, Prawo	44
Hotelarstwo / Gastronomia / Turystyka, Zdrowie / Uroda / Rekreacja, Zdrowie / Uroda / Rekreacja	44
Human Resources / Zasoby ludzkie, Human Resources / Zasoby ludzkie, Nieruchomości	44
Internet / e-Commerce / Nowe media, Doradztwo / Konsulting, Doradztwo / Konsulting	44
Internet / e-Commerce / Nowe media, Internet / e-Commerce / Nowe media, Doradztwo / Konsulting	44
Zakupy, Zakupy, Energetyka	44
BHP / Ochrona środowiska, Łańcuch dostaw, Łańcuch dostaw	43
IT - Rozwój oprogramowania, IT - Rozwój oprogramowania, Produkcja	43
Inne, Zdrowie / Uroda / Rekreacja	43
BHP / Ochrona środowiska, Human Resources / Zasoby ludzkie, Human Resources / Zasoby ludzkie	42
Bankowość, Bankowość, Nieruchomości	42
Call Center, Call Center, Marketing	42
Call Center, Marketing, Marketing	42
Energetyka, Doradztwo / Konsulting	42
Internet / e-Commerce / Nowe media, Internet / e-Commerce / Nowe media, Public Relations	42
Media / Sztuka / Rozrywka, Zdrowie / Uroda / Rekreacja	42
Praca fizyczna, Energetyka	42
Budownictwo, Reklama / Grafika / Kreacja / Fotografia	41
Human Resources / Zasoby ludzkie, Human Resources / Zasoby ludzkie, IT - Rozwój oprogramowania	41
Inżynieria, Zdrowie / Uroda / Rekreacja	41
Administracja biurowa, Reklama / Grafika / Kreacja / Fotografia, Reklama / Grafika / Kreacja / Fotografia	40
BHP / Ochrona środowiska, BHP / Ochrona środowiska, Obsługa klienta	40
BHP / Ochrona środowiska, Praca fizyczna	40
IT - Administracja, IT - Administracja, Kontrola jakości	40
IT - Administracja, Ubezpieczenia	40
Inne, Badania i rozwój, Badania i rozwój	40
Inne, Doradztwo / Konsulting	40
Inne, Hotelarstwo / Gastronomia / Turystyka	40
Inżynieria, Transport / Spedycja / Logistyka	40
Media / Sztuka / Rozrywka, Zakupy	40
Obsługa klienta, Obsługa klienta, Reklama / Grafika / Kreacja / Fotografia	40
Prawo, Prawo, Ubezpieczenia	40
Public Relations, Public Relations, Sprzedaż	40
Reklama / Grafika / Kreacja / Fotografia, Reklama / Grafika / Kreacja / Fotografia, Sprzedaż	40
Sektor publiczny, Zakupy, Zakupy	40
Call Center, Call Center, Ubezpieczenia	39
Finanse / Ekonomia, Finanse / Ekonomia, Media / Sztuka / Rozrywka	39
Finanse / Ekonomia, Finanse / Ekonomia, Zdrowie / Uroda / Rekreacja	39
Inne, Kontrola jakości, Kontrola jakości	39
Internet / e-Commerce / Nowe media, Media / Sztuka / Rozrywka, Media / Sztuka / Rozrywka	39
Internet / e-Commerce / Nowe media, Łańcuch dostaw	39
Edukacja / Szkolenia, Edukacja / Szkolenia, Doradztwo / Konsulting	38
IT - Administracja, Sektor publiczny	38
Nieruchomości, Kontrola jakości, Kontrola jakości	38
Łańcuch dostaw, Nieruchomości	38
Franczyza / Własny biznes, Human Resources / Zasoby ludzkie	37
IT - Administracja, Prawo, Prawo	37
Inne, Marketing, Marketing	37
Obsługa klienta, Obsługa klienta, Sektor publiczny	37
Produkcja, Transport / Spedycja / Logistyka	37
Sektor publiczny, Sektor publiczny, Doradztwo / Konsulting	37
Zakupy, Zdrowie / Uroda / Rekreacja	37
Administracja biurowa, Media / Sztuka / Rozrywka, Media / Sztuka / Rozrywka	36
Nieruchomości, Obsługa klienta, Obsługa klienta	36
Edukacja / Szkolenia, Prawo, Prawo	35
Edukacja / Szkolenia, Zakupy	35
Franczyza / Własny biznes, Ubezpieczenia	35
Hotelarstwo / Gastronomia / Turystyka, Hotelarstwo / Gastronomia / Turystyka, Marketing	35
Nieruchomości, Nieruchomości, Praca fizyczna	35
Public Relations, Sprzedaż, Sprzedaż	35
Administracja biurowa, BHP / Ochrona środowiska	34
BHP / Ochrona środowiska, Obsługa klienta, Obsługa klienta	34
Bankowość, Kontrola jakości	34
Budownictwo, Marketing, Marketing	34
Call Center, Doradztwo / Konsulting, Doradztwo / Konsulting	34
Edukacja / Szkolenia, Internet / e-Commerce / Nowe media	34
Human Resources / Zasoby ludzkie, Kontrola jakości, Kontrola jakości	34
IT - Rozwój oprogramowania, IT - Rozwój oprogramowania, Sektor publiczny	34
Inżynieria, Zdrowie / Uroda / Rekreacja, Zdrowie / Uroda / Rekreacja	34
Media / Sztuka / Rozrywka, Obsługa klienta, Obsługa klienta	34
Badania i rozwój, Prawo	33
Bankowość, Bankowość, Human Resources / Zasoby ludzkie	33
Budownictwo, Budownictwo, Doradztwo / Konsulting	33
Call Center, Call Center, Kontrola jakości	33
Human Resources / Zasoby ludzkie, Public Relations, Public Relations	33
Internet / e-Commerce / Nowe media, Zakupy, Zakupy	33
Prawo, Energetyka	33
Reklama / Grafika / Kreacja / Fotografia, Doradztwo / Konsulting	33
Badania i rozwój, Badania i rozwój, Media / Sztuka / Rozrywka	32
Badania i rozwój, Human Resources / Zasoby ludzkie	32
Bankowość, Bankowość, Sektor publiczny	32
Bankowość, Internet / e-Commerce / Nowe media	32
Bankowość, Nieruchomości	32
Edukacja / Szkolenia, Kontrola jakości, Kontrola jakości	32
Franczyza / Własny biznes, Franczyza / Własny biznes, Obsługa klienta	32
Human Resources / Zasoby ludzkie, Kontrola jakości	32
IT - Rozwój oprogramowania, Zakupy, Zakupy	32
Marketing, Marketing, Kontrola jakości	32
Media / Sztuka / Rozrywka, Media / Sztuka / Rozrywka, Media / Sztuka / Rozrywka	32
Media / Sztuka / Rozrywka, Media / Sztuka / Rozrywka, Obsługa klienta	32
Zakupy, Energetyka	32
Call Center, Human Resources / Zasoby ludzkie, Human Resources / Zasoby ludzkie	31
IT - Administracja, IT - Administracja, Sektor publiczny	31
Inne, Edukacja / Szkolenia	31
Bankowość, Bankowość, Call Center	30
Call Center, Call Center, Hotelarstwo / Gastronomia / Turystyka	30
Call Center, Łańcuch dostaw	30
Franczyza / Własny biznes, Franczyza / Własny biznes, Human Resources / Zasoby ludzkie	30
Human Resources / Zasoby ludzkie, Human Resources / Zasoby ludzkie, Zdrowie / Uroda / Rekreacja	30
Human Resources / Zasoby ludzkie, Human Resources / Zasoby ludzkie, Łańcuch dostaw	30
Human Resources / Zasoby ludzkie, Transport / Spedycja / Logistyka	30
IT - Rozwój oprogramowania, Ubezpieczenia, Ubezpieczenia	30
Marketing, Kontrola jakości, Kontrola jakości	30
Nieruchomości, Sektor publiczny	30
BHP / Ochrona środowiska, Nieruchomości	29
BHP / Ochrona środowiska, Nieruchomości, Nieruchomości	29
Call Center, Internet / e-Commerce / Nowe media, Internet / e-Commerce / Nowe media	29
Finanse / Ekonomia, Media / Sztuka / Rozrywka	29
Human Resources / Zasoby ludzkie, Inżynieria, Inżynieria	29
Marketing, Marketing, Ubezpieczenia	29
Bankowość, Internet / e-Commerce / Nowe media, Internet / e-Commerce / Nowe media	28
Call Center, Ubezpieczenia, Ubezpieczenia	28
Finanse / Ekonomia, Zdrowie / Uroda / Rekreacja	28
Human Resources / Zasoby ludzkie, Prawo, Prawo	28
IT - Rozwój oprogramowania, IT - Rozwój oprogramowania, Energetyka	28
Kontrola jakości, Kontrola jakości, Energetyka	28
Marketing, Nieruchomości	28
Media / Sztuka / Rozrywka, Media / Sztuka / Rozrywka, Sprzedaż	28
Ubezpieczenia, Doradztwo / Konsulting, Doradztwo / Konsulting	28
Badania i rozwój, Zakupy, Zakupy	27
Human Resources / Zasoby ludzkie, Energetyka	27
Inne, BHP / Ochrona środowiska	27
Inne, Franczyza / Własny biznes	27
Internet / e-Commerce / Nowe media, Inżynieria	27
Inżynieria, Sektor publiczny, Sektor publiczny	27
Prawo, Prawo, Energetyka	27
Public Relations, Public Relations, Reklama / Grafika / Kreacja / Fotografia	27
Reklama / Grafika / Kreacja / Fotografia, Kontrola jakości	27
Badania i rozwój, Bankowość, Bankowość	26
Finanse / Ekonomia, Energetyka, Energetyka	26
Human Resources / Zasoby ludzkie, Human Resources / Zasoby ludzkie, Produkcja	26
IT - Administracja, Energetyka	26
IT - Rozwój oprogramowania, Media / Sztuka / Rozrywka	26
Prawo, Kontrola jakości	26
Transport / Spedycja / Logistyka, Zakupy, Zakupy	26
Administracja biurowa, Administracja biurowa, Public Relations	25
BHP / Ochrona środowiska, Energetyka	25
Badania i rozwój, Badania i rozwój, BHP / Ochrona środowiska	25
Badania i rozwój, Sektor publiczny	25
Budownictwo, IT - Rozwój oprogramowania	25
Call Center, Edukacja / Szkolenia	25
Hotelarstwo / Gastronomia / Turystyka, Media / Sztuka / Rozrywka	25
Human Resources / Zasoby ludzkie, Zakupy, Zakupy	25
IT - Administracja, IT - Administracja, Prawo	25
Prawo, Transport / Spedycja / Logistyka	25
Prawo, Zakupy	25
Reklama / Grafika / Kreacja / Fotografia, Reklama / Grafika / Kreacja / Fotografia, Doradztwo / Konsulting	25
BHP / Ochrona środowiska, Zdrowie / Uroda / Rekreacja	24
Call Center, Call Center, Nieruchomości	24
Franczyza / Własny biznes, Franczyza / Własny biznes, Transport / Spedycja / Logistyka	24
Hotelarstwo / Gastronomia / Turystyka, Doradztwo / Konsulting, Doradztwo / Konsulting	24
Human Resources / Zasoby ludzkie, Human Resources / Zasoby ludzkie, Inżynieria	24
IT - Rozwój oprogramowania, Energetyka	24
Inne, Hotelarstwo / Gastronomia / Turystyka, Hotelarstwo / Gastronomia / Turystyka	24
Internet / e-Commerce / Nowe media, Inżynieria, Inżynieria	24
Inżynieria, Transport / Spedycja / Logistyka, Transport / Spedycja / Logistyka	24
Łańcuch dostaw, Łańcuch dostaw, Energetyka	24
Budownictwo, Reklama / Grafika / Kreacja / Fotografia, Reklama / Grafika / Kreacja / Fotografia	23
Inne, Budownictwo, Budownictwo	23
Praca fizyczna, Reklama / Grafika / Kreacja / Fotografia	23
Bankowość, Zakupy	22
Energetyka, Energetyka, Doradztwo / Konsulting	22
Franczyza / Własny biznes, Zdrowie / Uroda / Rekreacja	22
Hotelarstwo / Gastronomia / Turystyka, Human Resources / Zasoby ludzkie, Human Resources / Zasoby ludzkie	22
Hotelarstwo / Gastronomia / Turystyka, Inżynieria, Inżynieria	22
Inne, Prawo	22
Inne, Ubezpieczenia, Ubezpieczenia	22
Kontrola jakości, Kontrola jakości, Zdrowie / Uroda / Rekreacja	22
Marketing, Marketing, Energetyka	22
Nieruchomości, Nieruchomości, Energetyka	22
Łańcuch dostaw, Łańcuch dostaw, Nieruchomości	22
Administracja biurowa, Zdrowie / Uroda / Rekreacja, Zdrowie / Uroda / Rekreacja	21
BHP / Ochrona środowiska, BHP / Ochrona środowiska, Nieruchomości	21
Badania i rozwój, Ubezpieczenia	21
Budownictwo, IT - Rozwój oprogramowania, IT - Rozwój oprogramowania	21
Human Resources / Zasoby ludzkie, Human Resources / Zasoby ludzkie, Sektor publiczny	21
IT - Administracja, IT - Administracja, Transport / Spedycja / Logistyka	21
IT - Administracja, IT - Administracja, Ubezpieczenia	21
Inne, Bankowość	21
Marketing, Prawo	21
Nieruchomości, Zdrowie / Uroda / Rekreacja	21
BHP / Ochrona środowiska, Doradztwo / Konsulting, Doradztwo / Konsulting	20
BHP / Ochrona środowiska, Ubezpieczenia	20
Badania i rozwój, Badania i rozwój, Energetyka	20
Hotelarstwo / Gastronomia / Turystyka, Reklama / Grafika / Kreacja / Fotografia	20
IT - Administracja, Sektor publiczny, Sektor publiczny	20
Inne, Reklama / Grafika / Kreacja / Fotografia, Reklama / Grafika / Kreacja / Fotografia	20
Media / Sztuka / Rozrywka, Kontrola jakości	20
Nieruchomości, Praca fizyczna, Praca fizyczna	20
BHP / Ochrona środowiska, BHP / Ochrona środowiska, Prawo	19
Budownictwo, Budownictwo, Łańcuch dostaw	19
Edukacja / Szkolenia, Produkcja, Produkcja	19
Human Resources / Zasoby ludzkie, Internet / e-Commerce / Nowe media, Internet / e-Commerce / Nowe media	19
Human Resources / Zasoby ludzkie, Sektor publiczny	19
Inżynieria, Inżynieria, Media / Sztuka / Rozrywka	19
Kontrola jakości, Energetyka	19
Nieruchomości, Energetyka, Energetyka	19
Public Relations, Sprzedaż	19
Administracja biurowa, Franczyza / Własny biznes	18
Administracja biurowa, Franczyza / Własny biznes, Franczyza / Własny biznes	18
Administracja biurowa, Public Relations	18
BHP / Ochrona środowiska, BHP / Ochrona środowiska, IT - Administracja	18
BHP / Ochrona środowiska, Sektor publiczny	18
Badania i rozwój, Human Resources / Zasoby ludzkie, Human Resources / Zasoby ludzkie	18
Badania i rozwój, Praca fizyczna	18
Edukacja / Szkolenia, Reklama / Grafika / Kreacja / Fotografia	18
Edukacja / Szkolenia, Ubezpieczenia	18
Hotelarstwo / Gastronomia / Turystyka, Hotelarstwo / Gastronomia / Turystyka, Media / Sztuka / Rozrywka	18
Human Resources / Zasoby ludzkie, Human Resources / Zasoby ludzkie, Praca fizyczna	18
Human Resources / Zasoby ludzkie, Zakupy	18
Inne, Zdrowie / Uroda / Rekreacja, Zdrowie / Uroda / Rekreacja	18
Praca fizyczna, Praca fizyczna, Kontrola jakości	18
Administracja biurowa, Public Relations, Public Relations	17
BHP / Ochrona środowiska, Ubezpieczenia, Ubezpieczenia	17
BHP / Ochrona środowiska, Łańcuch dostaw	17
Bankowość, Kontrola jakości, Kontrola jakości	17
Edukacja / Szkolenia, Edukacja / Szkolenia, Finanse / Ekonomia	17
Edukacja / Szkolenia, Sektor publiczny, Sektor publiczny	17
Human Resources / Zasoby ludzkie, Human Resources / Zasoby ludzkie, Kontrola jakości	17
Inżynieria, Inżynieria, Prawo	17
Inżynieria, Inżynieria, Zdrowie / Uroda / Rekreacja	17
Media / Sztuka / Rozrywka, Doradztwo / Konsulting, Doradztwo / Konsulting	17
Media / Sztuka / Rozrywka, Prawo	17
Public Relations, Reklama / Grafika / Kreacja / Fotografia	17
BHP / Ochrona środowiska, Sektor publiczny, Sektor publiczny	16
Badania i rozwój, Badania i rozwój, IT - Administracja	16
Badania i rozwój, Badania i rozwój, Internet / e-Commerce / Nowe media	16
Badania i rozwój, Prawo, Prawo	16
Bankowość, Hotelarstwo / Gastronomia / Turystyka, Hotelarstwo / Gastronomia / Turystyka	16
Call Center, IT - Rozwój oprogramowania, IT - Rozwój oprogramowania	16
Call Center, Transport / Spedycja / Logistyka, Transport / Spedycja / Logistyka	16
Edukacja / Szkolenia, Edukacja / Szkolenia, Media / Sztuka / Rozrywka	16
Finanse / Ekonomia, Transport / Spedycja / Logistyka, Transport / Spedycja / Logistyka	16
Franczyza / Własny biznes, Media / Sztuka / Rozrywka	16
Franczyza / Własny biznes, Reklama / Grafika / Kreacja / Fotografia, Reklama / Grafika / Kreacja / Fotografia	16
Hotelarstwo / Gastronomia / Turystyka, Human Resources / Zasoby ludzkie	16
IT - Administracja, Ubezpieczenia, Ubezpieczenia	16
IT - Rozwój oprogramowania, IT - Rozwój oprogramowania, Zakupy	16
IT - Rozwój oprogramowania, Sektor publiczny	16
Inne, Call Center	16
Marketing, Nieruchomości, Nieruchomości	16
Nieruchomości, Nieruchomości, Sektor publiczny	16
Łańcuch dostaw, Energetyka	16
Łańcuch dostaw, Ubezpieczenia	16
Łańcuch dostaw, Łańcuch dostaw, Sektor publiczny	16
Call Center, Zakupy	15
Edukacja / Szkolenia, Hotelarstwo / Gastronomia / Turystyka	15
Hotelarstwo / Gastronomia / Turystyka, Łańcuch dostaw	15
Inne, Energetyka	15
Marketing, Kontrola jakości	15
Marketing, Praca fizyczna	15
Marketing, Sektor publiczny	15
Obsługa klienta, Obsługa klienta, Public Relations	15
BHP / Ochrona środowiska, BHP / Ochrona środowiska, Sektor publiczny	14
Badania i rozwój, Budownictwo, Budownictwo	14
Bankowość, Zakupy, Zakupy	14
Call Center, Call Center, Zdrowie / Uroda / Rekreacja	14
Call Center, Kontrola jakości	14
Edukacja / Szkolenia, Internet / e-Commerce / Nowe media, Internet / e-Commerce / Nowe media	14
Edukacja / Szkolenia, Media / Sztuka / Rozrywka, Media / Sztuka / Rozrywka	14
Inne, Call Center, Call Center	14
Inne, Franczyza / Własny biznes, Franczyza / Własny biznes	14
Inne, Internet / e-Commerce / Nowe media	14
Kontrola jakości, Doradztwo / Konsulting, Doradztwo / Konsulting	14
Łańcuch dostaw, Nieruchomości, Nieruchomości	14
Administracja biurowa, Praca fizyczna, Praca fizyczna	13
BHP / Ochrona środowiska, IT - Administracja	13
Bankowość, Franczyza / Własny biznes, Franczyza / Własny biznes	13
Edukacja / Szkolenia, Praca fizyczna	13
Hotelarstwo / Gastronomia / Turystyka, Nieruchomości, Nieruchomości	13
Hotelarstwo / Gastronomia / Turystyka, Zakupy, Zakupy	13
IT - Administracja, IT - Administracja, Energetyka	13
Internet / e-Commerce / Nowe media, Internet / e-Commerce / Nowe media, Kontrola jakości	13
Nieruchomości, Nieruchomości, Kontrola jakości	13
Nieruchomości, Nieruchomości, Produkcja	13
Nieruchomości, Nieruchomości, Zdrowie / Uroda / Rekreacja	13
Praca fizyczna, Praca fizyczna, Sektor publiczny	13
Sektor publiczny, Kontrola jakości, Kontrola jakości	13
Zakupy, Zakupy, Zdrowie / Uroda / Rekreacja	13
BHP / Ochrona środowiska, Finanse / Ekonomia	12
Badania i rozwój, Media / Sztuka / Rozrywka	12
Bankowość, BHP / Ochrona środowiska, BHP / Ochrona środowiska	12
Bankowość, Edukacja / Szkolenia	12
Internet / e-Commerce / Nowe media, Internet / e-Commerce / Nowe media, Łańcuch dostaw	12
Obsługa klienta, Public Relations, Public Relations	12
Praca fizyczna, Praca fizyczna, Energetyka	12
Sektor publiczny, Transport / Spedycja / Logistyka	12
Transport / Spedycja / Logistyka, Kontrola jakości, Kontrola jakości	12
Badania i rozwój, Hotelarstwo / Gastronomia / Turystyka	11
Badania i rozwój, Reklama / Grafika / Kreacja / Fotografia	11
Bankowość, Budownictwo	11
Budownictwo, Budownictwo, Marketing	11
Call Center, Call Center, Sektor publiczny	11
Edukacja / Szkolenia, Edukacja / Szkolenia, Marketing	11
Finanse / Ekonomia, Reklama / Grafika / Kreacja / Fotografia	11
Franczyza / Własny biznes, Doradztwo / Konsulting, Doradztwo / Konsulting	11
Hotelarstwo / Gastronomia / Turystyka, Hotelarstwo / Gastronomia / Turystyka, IT - Administracja	11
Hotelarstwo / Gastronomia / Turystyka, Kontrola jakości, Kontrola jakości	11
Inne, BHP / Ochrona środowiska, BHP / Ochrona środowiska	11
Inne, Prawo, Prawo	11
Inżynieria, Prawo	11
Media / Sztuka / Rozrywka, Media / Sztuka / Rozrywka, Public Relations	11
Nieruchomości, Sektor publiczny, Sektor publiczny	11
Prawo, Prawo, Zakupy	11
Badania i rozwój, Sektor publiczny, Sektor publiczny	10
Bankowość, Nieruchomości, Nieruchomości	10
Franczyza / Własny biznes, Transport / Spedycja / Logistyka, Transport / Spedycja / Logistyka	10
IT - Rozwój oprogramowania, Transport / Spedycja / Logistyka	10
Inne, Bankowość, Bankowość	10
Inne, Doradztwo / Konsulting, Doradztwo / Konsulting	10
Inne, Internet / e-Commerce / Nowe media, Internet / e-Commerce / Nowe media	10
Inne, Public Relations	10
Nieruchomości, Nieruchomości, Public Relations	10
Obsługa klienta, Sektor publiczny, Sektor publiczny	10
Praca fizyczna, Doradztwo / Konsulting	10
Praca fizyczna, Zakupy	10
Public Relations, Public Relations, Doradztwo / Konsulting	10
Sektor publiczny, Energetyka	10
Sektor publiczny, Sektor publiczny, Kontrola jakości	10
Sektor publiczny, Sektor publiczny, Zakupy	10
Transport / Spedycja / Logistyka, Energetyka	10
Zdrowie / Uroda / Rekreacja, Doradztwo / Konsulting, Doradztwo / Konsulting	10
Łańcuch dostaw, Sektor publiczny	10
Łańcuch dostaw, Zdrowie / Uroda / Rekreacja	10
BHP / Ochrona środowiska, BHP / Ochrona środowiska, Finanse / Ekonomia	9
Badania i rozwój, Badania i rozwój, Prawo	9
Badania i rozwój, Badania i rozwój, Zakupy	9
Badania i rozwój, Call Center, Call Center	9
Badania i rozwój, Ubezpieczenia, Ubezpieczenia	9
Bankowość, Sektor publiczny	9
Budownictwo, Budownictwo, Franczyza / Własny biznes	9
Call Center, Hotelarstwo / Gastronomia / Turystyka, Hotelarstwo / Gastronomia / Turystyka	9
Edukacja / Szkolenia, Ubezpieczenia, Ubezpieczenia	9
Finanse / Ekonomia, Public Relations	9
Hotelarstwo / Gastronomia / Turystyka, Hotelarstwo / Gastronomia / Turystyka, Produkcja	9
Hotelarstwo / Gastronomia / Turystyka, Zakupy	9
IT - Administracja, Nieruchomości	9
IT - Administracja, Praca fizyczna	9
IT - Administracja, Reklama / Grafika / Kreacja / Fotografia	9
IT - Administracja, Zdrowie / Uroda / Rekreacja	9
IT - Rozwój oprogramowania, IT - Rozwój oprogramowania, Transport / Spedycja / Logistyka	9
IT - Rozwój oprogramowania, IT - Rozwój oprogramowania, Zdrowie / Uroda / Rekreacja	9
Marketing, Marketing, Sektor publiczny	9
Media / Sztuka / Rozrywka, Zakupy, Zakupy	9
Obsługa klienta, Energetyka, Energetyka	9
Obsługa klienta, Public Relations	9
Prawo, Kontrola jakości, Kontrola jakości	9
Produkcja, Produkcja, Zdrowie / Uroda / Rekreacja	9
Reklama / Grafika / Kreacja / Fotografia, Reklama / Grafika / Kreacja / Fotografia, Zdrowie / Uroda / Rekreacja	9
Reklama / Grafika / Kreacja / Fotografia, Zakupy	9
Sektor publiczny, Kontrola jakości	9
Ubezpieczenia, Zakupy	9
Ubezpieczenia, Zdrowie / Uroda / Rekreacja	9
Łańcuch dostaw, Energetyka, Energetyka	9
Administracja biurowa, Energetyka, Energetyka	8
BHP / Ochrona środowiska, BHP / Ochrona środowiska, Praca fizyczna	8
BHP / Ochrona środowiska, Finanse / Ekonomia, Finanse / Ekonomia	8
BHP / Ochrona środowiska, Prawo	8
Badania i rozwój, Edukacja / Szkolenia, Edukacja / Szkolenia	8
Bankowość, Sektor publiczny, Sektor publiczny	8
Budownictwo, Budownictwo, Human Resources / Zasoby ludzkie	8
Budownictwo, Edukacja / Szkolenia	8
Budownictwo, Human Resources / Zasoby ludzkie, Human Resources / Zasoby ludzkie	8
Call Center, Inżynieria	8
Edukacja / Szkolenia, Edukacja / Szkolenia, Inżynieria	8
Franczyza / Własny biznes, Franczyza / Własny biznes, Praca fizyczna	8
Hotelarstwo / Gastronomia / Turystyka, Hotelarstwo / Gastronomia / Turystyka, Human Resources / Zasoby ludzkie	8
Human Resources / Zasoby ludzkie, Human Resources / Zasoby ludzkie, Ubezpieczenia	8
IT - Administracja, IT - Administracja, Reklama / Grafika / Kreacja / Fotografia	8
IT - Administracja, Reklama / Grafika / Kreacja / Fotografia, Reklama / Grafika / Kreacja / Fotografia	8
Inne, Edukacja / Szkolenia, Edukacja / Szkolenia	8
Inne, Transport / Spedycja / Logistyka, Transport / Spedycja / Logistyka	8
Internet / e-Commerce / Nowe media, Energetyka	8
Internet / e-Commerce / Nowe media, Kontrola jakości, Kontrola jakości	8
Inżynieria, Media / Sztuka / Rozrywka, Media / Sztuka / Rozrywka	8
Marketing, Marketing, Prawo	8
Marketing, Prawo, Prawo	8
Marketing, Transport / Spedycja / Logistyka	8
Nieruchomości, Nieruchomości, Ubezpieczenia	8
Prawo, Public Relations	8
Public Relations, Doradztwo / Konsulting	8
Transport / Spedycja / Logistyka, Transport / Spedycja / Logistyka, Zakupy	8
Łańcuch dostaw, Łańcuch dostaw, Ubezpieczenia	8
Łańcuch dostaw, Łańcuch dostaw, Zdrowie / Uroda / Rekreacja	8
BHP / Ochrona środowiska, BHP / Ochrona środowiska, Łańcuch dostaw	7
Badania i rozwój, Badania i rozwój, Human Resources / Zasoby ludzkie	7
Bankowość, Łańcuch dostaw	7
Budownictwo, Budownictwo, IT - Rozwój oprogramowania	7
Budownictwo, Human Resources / Zasoby ludzkie	7
Budownictwo, Media / Sztuka / Rozrywka	7
Budownictwo, Ubezpieczenia	7
Call Center, Call Center, Łańcuch dostaw	7
Call Center, Kontrola jakości, Kontrola jakości	7
Edukacja / Szkolenia, Edukacja / Szkolenia, IT - Rozwój oprogramowania	7
Edukacja / Szkolenia, Edukacja / Szkolenia, Sektor publiczny	7
Edukacja / Szkolenia, Reklama / Grafika / Kreacja / Fotografia, Reklama / Grafika / Kreacja / Fotografia	7
Finanse / Ekonomia, Zdrowie / Uroda / Rekreacja, Zdrowie / Uroda / Rekreacja	7
Franczyza / Własny biznes, Franczyza / Własny biznes, Doradztwo / Konsulting	7
Hotelarstwo / Gastronomia / Turystyka, IT - Rozwój oprogramowania, IT - Rozwój oprogramowania	7
Human Resources / Zasoby ludzkie, Human Resources / Zasoby ludzkie, Energetyka	7
IT - Administracja, IT - Administracja, Media / Sztuka / Rozrywka	7
IT - Rozwój oprogramowania, Nieruchomości	7
IT - Rozwój oprogramowania, Prawo	7
Inne, Media / Sztuka / Rozrywka	7
Internet / e-Commerce / Nowe media, Internet / e-Commerce / Nowe media, Zakupy	7
Inżynieria, Prawo, Prawo	7
Media / Sztuka / Rozrywka, Media / Sztuka / Rozrywka, Zdrowie / Uroda / Rekreacja	7
Nieruchomości, Produkcja, Produkcja	7
Prawo, Energetyka, Energetyka	7
Public Relations, Sektor publiczny	7
Sektor publiczny, Sektor publiczny, Energetyka	7
Ubezpieczenia, Ubezpieczenia, Zdrowie / Uroda / Rekreacja	7
Zdrowie / Uroda / Rekreacja, Zdrowie / Uroda / Rekreacja, Doradztwo / Konsulting	7
BHP / Ochrona środowiska, BHP / Ochrona środowiska, Internet / e-Commerce / Nowe media	6
BHP / Ochrona środowiska, IT - Administracja, IT - Administracja	6
Badania i rozwój, Badania i rozwój, Edukacja / Szkolenia	6
Badania i rozwój, Energetyka, Energetyka	6
Badania i rozwój, Transport / Spedycja / Logistyka	6
Bankowość, Bankowość, Internet / e-Commerce / Nowe media	6
Bankowość, Inżynieria	6
Edukacja / Szkolenia, Edukacja / Szkolenia, Internet / e-Commerce / Nowe media	6
Hotelarstwo / Gastronomia / Turystyka, Hotelarstwo / Gastronomia / Turystyka, Kontrola jakości	6
Hotelarstwo / Gastronomia / Turystyka, Internet / e-Commerce / Nowe media	6
Hotelarstwo / Gastronomia / Turystyka, Transport / Spedycja / Logistyka	6
IT - Rozwój oprogramowania, IT - Rozwój oprogramowania, Media / Sztuka / Rozrywka	6
Inne, Public Relations, Public Relations	6
Inne, Sektor publiczny	6
Internet / e-Commerce / Nowe media, Zdrowie / Uroda / Rekreacja	6
Marketing, Energetyka	6
Marketing, Energetyka, Energetyka	6
Media / Sztuka / Rozrywka, Doradztwo / Konsulting	6
Media / Sztuka / Rozrywka, Praca fizyczna	6
Praca fizyczna, Zakupy, Zakupy	6
Produkcja, Energetyka, Energetyka	6
Produkcja, Transport / Spedycja / Logistyka, Transport / Spedycja / Logistyka	6
Public Relations, Doradztwo / Konsulting, Doradztwo / Konsulting	6
Transport / Spedycja / Logistyka, Doradztwo / Konsulting	6
Transport / Spedycja / Logistyka, Doradztwo / Konsulting, Doradztwo / Konsulting	6
BHP / Ochrona środowiska, Marketing, Marketing	5
Badania i rozwój, Badania i rozwój, Praca fizyczna	5
Badania i rozwój, Badania i rozwój, Łańcuch dostaw	5
Badania i rozwój, Nieruchomości	5
Badania i rozwój, Nieruchomości, Nieruchomości	5
Badania i rozwój, Praca fizyczna, Praca fizyczna	5
Bankowość, Bankowość, Kontrola jakości	5
Call Center, Call Center, Energetyka	5
Call Center, Call Center, Inżynieria	5
Call Center, Call Center, Zakupy	5
Call Center, Marketing	5
Call Center, Transport / Spedycja / Logistyka	5
Finanse / Ekonomia, Finanse / Ekonomia, Public Relations	5
Finanse / Ekonomia, Praca fizyczna	5
Franczyza / Własny biznes, Marketing, Marketing	5
Hotelarstwo / Gastronomia / Turystyka, Hotelarstwo / Gastronomia / Turystyka, Internet / e-Commerce / Nowe media	5
Hotelarstwo / Gastronomia / Turystyka, IT - Administracja	5
Human Resources / Zasoby ludzkie, Human Resources / Zasoby ludzkie, Zakupy	5
Human Resources / Zasoby ludzkie, Nieruchomości, Nieruchomości	5
IT - Administracja, IT - Administracja, Zdrowie / Uroda / Rekreacja	5
IT - Administracja, Media / Sztuka / Rozrywka	5
IT - Administracja, Transport / Spedycja / Logistyka	5
Internet / e-Commerce / Nowe media, Internet / e-Commerce / Nowe media, Ubezpieczenia	5
Internet / e-Commerce / Nowe media, Produkcja	5
Internet / e-Commerce / Nowe media, Transport / Spedycja / Logistyka	5
Kontrola jakości, Zdrowie / Uroda / Rekreacja, Zdrowie / Uroda / Rekreacja	5
Media / Sztuka / Rozrywka, Produkcja	5
Media / Sztuka / Rozrywka, Produkcja, Produkcja	5
Media / Sztuka / Rozrywka, Sektor publiczny	5
Nieruchomości, Ubezpieczenia	5
Nieruchomości, Ubezpieczenia, Ubezpieczenia	5
Ubezpieczenia, Kontrola jakości	5
Ubezpieczenia, Zakupy, Zakupy	5
Łańcuch dostaw, Zdrowie / Uroda / Rekreacja, Zdrowie / Uroda / Rekreacja	5
Łańcuch dostaw, Łańcuch dostaw, Prawo	5
BHP / Ochrona środowiska, BHP / Ochrona środowiska, Ubezpieczenia	4
BHP / Ochrona środowiska, BHP / Ochrona środowiska, Zakupy	4
BHP / Ochrona środowiska, BHP / Ochrona środowiska, Zdrowie / Uroda / Rekreacja	4
BHP / Ochrona środowiska, Energetyka, Energetyka	4
BHP / Ochrona środowiska, Marketing	4
BHP / Ochrona środowiska, Public Relations	4
Badania i rozwój, Badania i rozwój, Reklama / Grafika / Kreacja / Fotografia	4
Badania i rozwój, Badania i rozwój, Sektor publiczny	4
Bankowość, Bankowość, Budownictwo	4
Bankowość, Bankowość, Edukacja / Szkolenia	4
Bankowość, Reklama / Grafika / Kreacja / Fotografia	4
Budownictwo, Budownictwo, Edukacja / Szkolenia	4
Budownictwo, Budownictwo, IT - Administracja	4
Budownictwo, Budownictwo, Transport / Spedycja / Logistyka	4
Budownictwo, Budownictwo, Ubezpieczenia	4
Call Center, IT - Rozwój oprogramowania	4
Edukacja / Szkolenia, Transport / Spedycja / Logistyka, Transport / Spedycja / Logistyka	4
Finanse / Ekonomia, Hotelarstwo / Gastronomia / Turystyka, Hotelarstwo / Gastronomia / Turystyka	4
Franczyza / Własny biznes, Marketing	4
Franczyza / Własny biznes, Praca fizyczna, Praca fizyczna	4
Hotelarstwo / Gastronomia / Turystyka, Hotelarstwo / Gastronomia / Turystyka, Sektor publiczny	4
Hotelarstwo / Gastronomia / Turystyka, IT - Administracja, IT - Administracja	4
Hotelarstwo / Gastronomia / Turystyka, Internet / e-Commerce / Nowe media, Internet / e-Commerce / Nowe media	4
Hotelarstwo / Gastronomia / Turystyka, Ubezpieczenia	4
Human Resources / Zasoby ludzkie, Human Resources / Zasoby ludzkie, Reklama / Grafika / Kreacja / Fotografia	4
Human Resources / Zasoby ludzkie, Human Resources / Zasoby ludzkie, Transport / Spedycja / Logistyka	4
Human Resources / Zasoby ludzkie, Media / Sztuka / Rozrywka	4
Human Resources / Zasoby ludzkie, Sektor publiczny, Sektor publiczny	4
IT - Rozwój oprogramowania, Prawo, Prawo	4
Marketing, Marketing, Transport / Spedycja / Logistyka	4
Nieruchomości, Reklama / Grafika / Kreacja / Fotografia	4
Praca fizyczna, Energetyka, Energetyka	4
Produkcja, Zdrowie / Uroda / Rekreacja, Zdrowie / Uroda / Rekreacja	4
Reklama / Grafika / Kreacja / Fotografia, Kontrola jakości, Kontrola jakości	4
Reklama / Grafika / Kreacja / Fotografia, Zakupy, Zakupy	4
Transport / Spedycja / Logistyka, Ubezpieczenia	4
Transport / Spedycja / Logistyka, Ubezpieczenia, Ubezpieczenia	4
Ubezpieczenia, Ubezpieczenia, Kontrola jakości	4
Ubezpieczenia, Ubezpieczenia, Zakupy	4
Zakupy, Energetyka, Energetyka	4
Łańcuch dostaw, Reklama / Grafika / Kreacja / Fotografia	4
Administracja biurowa, Administracja biurowa, Franczyza / Własny biznes	3
BHP / Ochrona środowiska, Prawo, Prawo	3
BHP / Ochrona środowiska, Transport / Spedycja / Logistyka	3
BHP / Ochrona środowiska, Zakupy	3
Bankowość, Bankowość, Łańcuch dostaw	3
Bankowość, Media / Sztuka / Rozrywka	3
Bankowość, Reklama / Grafika / Kreacja / Fotografia, Reklama / Grafika / Kreacja / Fotografia	3
Bankowość, Transport / Spedycja / Logistyka	3
Budownictwo, Budownictwo, Reklama / Grafika / Kreacja / Fotografia	3
Budownictwo, Hotelarstwo / Gastronomia / Turystyka	3
Budownictwo, IT - Administracja, IT - Administracja	3
Budownictwo, Media / Sztuka / Rozrywka, Media / Sztuka / Rozrywka	3
Budownictwo, Ubezpieczenia, Ubezpieczenia	3
Call Center, Call Center, IT - Rozwój oprogramowania	3
Call Center, Call Center, Media / Sztuka / Rozrywka	3
Call Center, Reklama / Grafika / Kreacja / Fotografia	3
Call Center, Zdrowie / Uroda / Rekreacja	3
Edukacja / Szkolenia, Edukacja / Szkolenia, Reklama / Grafika / Kreacja / Fotografia	3
Edukacja / Szkolenia, Public Relations, Public Relations	3
Edukacja / Szkolenia, Transport / Spedycja / Logistyka	3
Edukacja / Szkolenia, Łańcuch dostaw, Łańcuch dostaw	3
Finanse / Ekonomia, Finanse / Ekonomia, Praca fizyczna	3
Finanse / Ekonomia, Finanse / Ekonomia, Reklama / Grafika / Kreacja / Fotografia	3
Franczyza / Własny biznes, Praca fizyczna	3
Franczyza / Własny biznes, Łańcuch dostaw	3
Hotelarstwo / Gastronomia / Turystyka, Hotelarstwo / Gastronomia / Turystyka, Inżynieria	3
IT - Rozwój oprogramowania, IT - Rozwój oprogramowania, Nieruchomości	3
IT - Rozwój oprogramowania, IT - Rozwój oprogramowania, Prawo	3
IT - Rozwój oprogramowania, Public Relations, Public Relations	3
Inne, Nieruchomości, Nieruchomości	3
Internet / e-Commerce / Nowe media, Internet / e-Commerce / Nowe media, Inżynieria	3
Internet / e-Commerce / Nowe media, Internet / e-Commerce / Nowe media, Nieruchomości	3
Internet / e-Commerce / Nowe media, Ubezpieczenia	3
Inżynieria, Public Relations	3
Media / Sztuka / Rozrywka, Media / Sztuka / Rozrywka, Doradztwo / Konsulting	3
Media / Sztuka / Rozrywka, Prawo, Prawo	3
Praca fizyczna, Praca fizyczna, Zakupy	3
Praca fizyczna, Reklama / Grafika / Kreacja / Fotografia, Reklama / Grafika / Kreacja / Fotografia	3
Prawo, Prawo, Public Relations	3
Prawo, Zakupy, Zakupy	3
Produkcja, Sektor publiczny	3
Reklama / Grafika / Kreacja / Fotografia, Reklama / Grafika / Kreacja / Fotografia, Sektor publiczny	3
Reklama / Grafika / Kreacja / Fotografia, Zdrowie / Uroda / Rekreacja, Zdrowie / Uroda / Rekreacja	3
Sektor publiczny, Energetyka, Energetyka	3
Sektor publiczny, Sektor publiczny, Zdrowie / Uroda / Rekreacja	3
Sektor publiczny, Transport / Spedycja / Logistyka, Transport / Spedycja / Logistyka	3
Sektor publiczny, Zdrowie / Uroda / Rekreacja, Zdrowie / Uroda / Rekreacja	3
Ubezpieczenia, Zdrowie / Uroda / Rekreacja, Zdrowie / Uroda / Rekreacja	3
Zakupy, Zdrowie / Uroda / Rekreacja, Zdrowie / Uroda / Rekreacja	3
Łańcuch dostaw, Prawo, Prawo	3
BHP / Ochrona środowiska, BHP / Ochrona środowiska, Marketing	2
BHP / Ochrona środowiska, IT - Rozwój oprogramowania	2
BHP / Ochrona środowiska, Media / Sztuka / Rozrywka	2
Badania i rozwój, Badania i rozwój, Bankowość	2
Badania i rozwój, Badania i rozwój, Hotelarstwo / Gastronomia / Turystyka	2
Badania i rozwój, Call Center	2
Badania i rozwój, Franczyza / Własny biznes	2
Bankowość, Public Relations	2
Budownictwo, Budownictwo, Hotelarstwo / Gastronomia / Turystyka	2
Budownictwo, Budownictwo, Public Relations	2
Budownictwo, Internet / e-Commerce / Nowe media, Internet / e-Commerce / Nowe media	2
Call Center, Call Center, Produkcja	2
Call Center, Call Center, Transport / Spedycja / Logistyka	2
Call Center, Energetyka	2
Call Center, Public Relations, Public Relations	2
Edukacja / Szkolenia, Edukacja / Szkolenia, Kontrola jakości	2
Edukacja / Szkolenia, Edukacja / Szkolenia, Transport / Spedycja / Logistyka	2
Edukacja / Szkolenia, Energetyka	2
Edukacja / Szkolenia, Nieruchomości, Nieruchomości	2
Franczyza / Własny biznes, Inżynieria, Inżynieria	2
Franczyza / Własny biznes, Produkcja	2
Hotelarstwo / Gastronomia / Turystyka, Hotelarstwo / Gastronomia / Turystyka, Doradztwo / Konsulting	2
Hotelarstwo / Gastronomia / Turystyka, Hotelarstwo / Gastronomia / Turystyka, Transport / Spedycja / Logistyka	2
Hotelarstwo / Gastronomia / Turystyka, Hotelarstwo / Gastronomia / Turystyka, Łańcuch dostaw	2
Hotelarstwo / Gastronomia / Turystyka, Public Relations, Public Relations	2
Hotelarstwo / Gastronomia / Turystyka, Sektor publiczny	2
Human Resources / Zasoby ludzkie, Human Resources / Zasoby ludzkie, Media / Sztuka / Rozrywka	2
Human Resources / Zasoby ludzkie, Reklama / Grafika / Kreacja / Fotografia	2
Human Resources / Zasoby ludzkie, Zdrowie / Uroda / Rekreacja, Zdrowie / Uroda / Rekreacja	2
IT - Administracja, Nieruchomości, Nieruchomości	2
IT - Rozwój oprogramowania, Energetyka, Energetyka	2
IT - Rozwój oprogramowania, IT - Rozwój oprogramowania, Public Relations	2
IT - Rozwój oprogramowania, Public Relations	2
IT - Rozwój oprogramowania, Sektor publiczny, Sektor publiczny	2
Internet / e-Commerce / Nowe media, Internet / e-Commerce / Nowe media, Sektor publiczny	2
Internet / e-Commerce / Nowe media, Internet / e-Commerce / Nowe media, Transport / Spedycja / Logistyka	2
Internet / e-Commerce / Nowe media, Internet / e-Commerce / Nowe media, Zdrowie / Uroda / Rekreacja	2
Internet / e-Commerce / Nowe media, Kontrola jakości	2
Internet / e-Commerce / Nowe media, Prawo, Prawo	2
Internet / e-Commerce / Nowe media, Zdrowie / Uroda / Rekreacja, Zdrowie / Uroda / Rekreacja	2
Marketing, Zdrowie / Uroda / Rekreacja, Zdrowie / Uroda / Rekreacja	2
Media / Sztuka / Rozrywka, Media / Sztuka / Rozrywka, Zakupy	2
Media / Sztuka / Rozrywka, Nieruchomości	2
Nieruchomości, Nieruchomości, Transport / Spedycja / Logistyka	2
Prawo, Prawo, Zdrowie / Uroda / Rekreacja	2
Prawo, Public Relations, Public Relations	2
Prawo, Zdrowie / Uroda / Rekreacja	2
Prawo, Zdrowie / Uroda / Rekreacja, Zdrowie / Uroda / Rekreacja	2
Public Relations, Public Relations, Sektor publiczny	2
Public Relations, Reklama / Grafika / Kreacja / Fotografia, Reklama / Grafika / Kreacja / Fotografia	2
Sektor publiczny, Sektor publiczny, Transport / Spedycja / Logistyka	2
Transport / Spedycja / Logistyka, Transport / Spedycja / Logistyka, Kontrola jakości	2
Łańcuch dostaw, Media / Sztuka / Rozrywka	2
Łańcuch dostaw, Media / Sztuka / Rozrywka, Media / Sztuka / Rozrywka	2
Łańcuch dostaw, Prawo	2
Łańcuch dostaw, Ubezpieczenia, Ubezpieczenia	2
BHP / Ochrona środowiska, BHP / Ochrona środowiska, Franczyza / Własny biznes	1
BHP / Ochrona środowiska, BHP / Ochrona środowiska, Reklama / Grafika / Kreacja / Fotografia	1
BHP / Ochrona środowiska, Reklama / Grafika / Kreacja / Fotografia	1
BHP / Ochrona środowiska, Zakupy, Zakupy	1
BHP / Ochrona środowiska, Zdrowie / Uroda / Rekreacja, Zdrowie / Uroda / Rekreacja	1
Badania i rozwój, Badania i rozwój, Call Center	1
Badania i rozwój, Badania i rozwój, Nieruchomości	1
Badania i rozwój, Badania i rozwój, Ubezpieczenia	1
Badania i rozwój, Media / Sztuka / Rozrywka, Media / Sztuka / Rozrywka	1
Badania i rozwój, Public Relations	1
Badania i rozwój, Public Relations, Public Relations	1
Bankowość, Bankowość, Inżynieria	1
Bankowość, Budownictwo, Budownictwo	1
Bankowość, Energetyka	1
Bankowość, Inżynieria, Inżynieria	1
Bankowość, Public Relations, Public Relations	1
Bankowość, Łańcuch dostaw, Łańcuch dostaw	1
Budownictwo, Doradztwo / Konsulting, Doradztwo / Konsulting	1
Budownictwo, Hotelarstwo / Gastronomia / Turystyka, Hotelarstwo / Gastronomia / Turystyka	1
Budownictwo, IT - Administracja	1
Budownictwo, Internet / e-Commerce / Nowe media	1
Call Center, Edukacja / Szkolenia, Edukacja / Szkolenia	1
Call Center, Finanse / Ekonomia, Obsługa klienta	1
Call Center, Franczyza / Własny biznes, Franczyza / Własny biznes	1
Call Center, Nieruchomości	1
Call Center, Praca fizyczna	1
Call Center, Sektor publiczny	1
Call Center, Sektor publiczny, Sektor publiczny	1
Call Center, Zakupy, Zakupy	1
Call Center, Zdrowie / Uroda / Rekreacja, Zdrowie / Uroda / Rekreacja	1
Call Center, Łańcuch dostaw, Łańcuch dostaw	1
Edukacja / Szkolenia, Edukacja / Szkolenia, Prawo	1
Edukacja / Szkolenia, Edukacja / Szkolenia, Public Relations	1
Edukacja / Szkolenia, Nieruchomości	1
Edukacja / Szkolenia, Public Relations	1
Finanse / Ekonomia, Public Relations, Public Relations	1
Franczyza / Własny biznes, Doradztwo / Konsulting	1
Franczyza / Własny biznes, Franczyza / Własny biznes, Public Relations	1
Franczyza / Własny biznes, IT - Administracja	1
Franczyza / Własny biznes, IT - Administracja, IT - Administracja	1
Franczyza / Własny biznes, IT - Rozwój oprogramowania, IT - Rozwój oprogramowania	1
Franczyza / Własny biznes, Inżynieria	1
Franczyza / Własny biznes, Sektor publiczny	1
Franczyza / Własny biznes, Transport / Spedycja / Logistyka	1
Hotelarstwo / Gastronomia / Turystyka, Hotelarstwo / Gastronomia / Turystyka, IT - Rozwój oprogramowania	1
Hotelarstwo / Gastronomia / Turystyka, Hotelarstwo / Gastronomia / Turystyka, Zakupy	1
Hotelarstwo / Gastronomia / Turystyka, IT - Rozwój oprogramowania	1
Hotelarstwo / Gastronomia / Turystyka, Prawo	1
Hotelarstwo / Gastronomia / Turystyka, Prawo, Prawo	1
Hotelarstwo / Gastronomia / Turystyka, Public Relations	1
Hotelarstwo / Gastronomia / Turystyka, Reklama / Grafika / Kreacja / Fotografia, Reklama / Grafika / Kreacja / Fotografia	1
Hotelarstwo / Gastronomia / Turystyka, Sektor publiczny, Sektor publiczny	1
Human Resources / Zasoby ludzkie, Praca fizyczna, Praca fizyczna	1
Human Resources / Zasoby ludzkie, Reklama / Grafika / Kreacja / Fotografia, Reklama / Grafika / Kreacja / Fotografia	1
IT - Administracja, IT - Administracja, Nieruchomości	1
IT - Administracja, IT - Administracja, Praca fizyczna	1
IT - Administracja, IT - Administracja, Public Relations	1
IT - Administracja, Transport / Spedycja / Logistyka, Transport / Spedycja / Logistyka	1
IT - Rozwój oprogramowania, Nieruchomości, Nieruchomości	1
IT - Rozwój oprogramowania, Transport / Spedycja / Logistyka, Transport / Spedycja / Logistyka	1
IT - Rozwój oprogramowania, Zdrowie / Uroda / Rekreacja	1
Inne, Energetyka, Energetyka	1
Inne, Media / Sztuka / Rozrywka, Media / Sztuka / Rozrywka	1
Inne, Sektor publiczny, Sektor publiczny	1
Internet / e-Commerce / Nowe media, Internet / e-Commerce / Nowe media, Energetyka	1
Internet / e-Commerce / Nowe media, Internet / e-Commerce / Nowe media, Produkcja	1
Internet / e-Commerce / Nowe media, Nieruchomości, Nieruchomości	1
Internet / e-Commerce / Nowe media, Praca fizyczna	1
Internet / e-Commerce / Nowe media, Prawo	1
Internet / e-Commerce / Nowe media, Sektor publiczny	1
Internet / e-Commerce / Nowe media, Sektor publiczny, Sektor publiczny	1
Internet / e-Commerce / Nowe media, Ubezpieczenia, Ubezpieczenia	1
Kontrola jakości, Energetyka, Energetyka	1
Marketing, Sprzedaż, Zakupy	1
Media / Sztuka / Rozrywka, Media / Sztuka / Rozrywka, Kontrola jakości	1
Media / Sztuka / Rozrywka, Media / Sztuka / Rozrywka, Prawo	1
Media / Sztuka / Rozrywka, Media / Sztuka / Rozrywka, Produkcja	1
Media / Sztuka / Rozrywka, Nieruchomości, Nieruchomości	1
Media / Sztuka / Rozrywka, Praca fizyczna, Praca fizyczna	1
Media / Sztuka / Rozrywka, Sektor publiczny, Sektor publiczny	1
Media / Sztuka / Rozrywka, Transport / Spedycja / Logistyka	1
Media / Sztuka / Rozrywka, Zdrowie / Uroda / Rekreacja, Zdrowie / Uroda / Rekreacja	1
Nieruchomości, Public Relations	1
Nieruchomości, Reklama / Grafika / Kreacja / Fotografia, Reklama / Grafika / Kreacja / Fotografia	1
Nieruchomości, Transport / Spedycja / Logistyka	1
Prawo, Prawo, Kontrola jakości	1
Prawo, Produkcja	1
Prawo, Reklama / Grafika / Kreacja / Fotografia	1
Produkcja, Public Relations	1
Public Relations, Energetyka	1
Public Relations, Public Relations, Ubezpieczenia	1
Public Relations, Sektor publiczny, Sektor publiczny	1
Public Relations, Ubezpieczenia	1
Public Relations, Zakupy	1
Public Relations, Zdrowie / Uroda / Rekreacja	1
Reklama / Grafika / Kreacja / Fotografia, Sektor publiczny	1
Sektor publiczny, Ubezpieczenia	1
Transport / Spedycja / Logistyka, Transport / Spedycja / Logistyka, Energetyka	1
Transport / Spedycja / Logistyka, Zdrowie / Uroda / Rekreacja	1
Transport / Spedycja / Logistyka, Zdrowie / Uroda / Rekreacja, Zdrowie / Uroda / Rekreacja	1
Ubezpieczenia, Kontrola jakości, Kontrola jakości	1
Łańcuch dostaw, Reklama / Grafika / Kreacja / Fotografia, Reklama / Grafika / Kreacja / Fotografia	1
Łańcuch dostaw, Łańcuch dostaw, Media / Sztuka / Rozrywka	1
